source,summary_path,ext,chars,status,notes
extracted_text\docx\files_10500000002379441_cmpsc221_spring_2025_sec_1_and_2__FinalProject_New Assignment.docx.txt,extracted_text\docx\files_10500000002379441_cmpsc221_spring_2025_sec_1_and_2__FinalProject_New Assignment.docx.txt.summary.txt,.txt,42,ok,
extracted_text\docx\files_10500000002379441_cmpsc221_spring_2025_sec_1_and_2__P5 Rubric Drawing Application.docx.txt,extracted_text\docx\files_10500000002379441_cmpsc221_spring_2025_sec_1_and_2__P5 Rubric Drawing Application.docx.txt.summary.txt,.txt,117,ok,
extracted_text\docx\files_10500000002379441_cmpsc221_spring_2025_sec_1_and_2__PA4 PizzaServingsCalculatorRubric.docx.txt,extracted_text\docx\files_10500000002379441_cmpsc221_spring_2025_sec_1_and_2__PA4 PizzaServingsCalculatorRubric.docx.txt.summary.txt,.txt,366,ok,
extracted_text\docx\files_10500000002412508_cmpen_ee_362_fall_2025__HW1-Rubric.docx.txt,extracted_text\docx\files_10500000002412508_cmpen_ee_362_fall_2025__HW1-Rubric.docx.txt.summary.txt,.txt,283,ok,
extracted_text\docx\files_10500000002412508_cmpen_ee_362_fall_2025__HW1-soln.docx.txt,extracted_text\docx\files_10500000002412508_cmpen_ee_362_fall_2025__HW1-soln.docx.txt.summary.txt,.txt,363,ok,
extracted_text\docx\files_10500000002412508_cmpen_ee_362_fall_2025__HW2-Rubric.docx.txt,extracted_text\docx\files_10500000002412508_cmpen_ee_362_fall_2025__HW2-Rubric.docx.txt.summary.txt,.txt,300,ok,
extracted_text\docx\files_10500000002412508_cmpen_ee_362_fall_2025__HW2-soln.docx.txt,extracted_text\docx\files_10500000002412508_cmpen_ee_362_fall_2025__HW2-soln.docx.txt.summary.txt,.txt,363,ok,
extracted_text\docx\files_10500000002412508_cmpen_ee_362_fall_2025__HW3-Rubric.docx.txt,extracted_text\docx\files_10500000002412508_cmpen_ee_362_fall_2025__HW3-Rubric.docx.txt.summary.txt,.txt,373,ok,
extracted_text\docx\files_10500000002412508_cmpen_ee_362_fall_2025__HW3-soln.docx.txt,extracted_text\docx\files_10500000002412508_cmpen_ee_362_fall_2025__HW3-soln.docx.txt.summary.txt,.txt,332,ok,
extracted_text\docx\files_10500000002426582_cmpsc461_fa25_sections_003_004_programming_language_concepts__Homework Template.docx.txt,extracted_text\docx\files_10500000002426582_cmpsc461_fa25_sections_003_004_programming_language_concepts__Homework Template.docx.txt.summary.txt,.txt,126,ok,
extracted_text\pdf\files_10500000002346465_cmpsc_360_section_005r_discrete_math_cs_22481_up_p_cmpsc_360_005r__Recitation_1.pdf.txt,extracted_text\pdf\files_10500000002346465_cmpsc_360_section_005r_discrete_math_cs_22481_up_p_cmpsc_360_005r__Recitation_1.pdf.txt.summary.txt,.txt,250,ok,
extracted_text\pdf\files_10500000002346465_cmpsc_360_section_005r_discrete_math_cs_22481_up_p_cmpsc_360_005r__Recitation_10.pdf.txt,extracted_text\pdf\files_10500000002346465_cmpsc_360_section_005r_discrete_math_cs_22481_up_p_cmpsc_360_005r__Recitation_10.pdf.txt.summary.txt,.txt,300,ok,
extracted_text\pdf\files_10500000002346465_cmpsc_360_section_005r_discrete_math_cs_22481_up_p_cmpsc_360_005r__Recitation_10_Solutions.pdf.txt,extracted_text\pdf\files_10500000002346465_cmpsc_360_section_005r_discrete_math_cs_22481_up_p_cmpsc_360_005r__Recitation_10_Solutions.pdf.txt.summary.txt,.txt,289,ok,
extracted_text\pdf\files_10500000002346465_cmpsc_360_section_005r_discrete_math_cs_22481_up_p_cmpsc_360_005r__Recitation_11.pdf.txt,extracted_text\pdf\files_10500000002346465_cmpsc_360_section_005r_discrete_math_cs_22481_up_p_cmpsc_360_005r__Recitation_11.pdf.txt.summary.txt,.txt,325,ok,
extracted_text\pdf\files_10500000002346465_cmpsc_360_section_005r_discrete_math_cs_22481_up_p_cmpsc_360_005r__Recitation_11_Solutions.pdf.txt,extracted_text\pdf\files_10500000002346465_cmpsc_360_section_005r_discrete_math_cs_22481_up_p_cmpsc_360_005r__Recitation_11_Solutions.pdf.txt.summary.txt,.txt,307,ok,
extracted_text\pdf\files_10500000002346465_cmpsc_360_section_005r_discrete_math_cs_22481_up_p_cmpsc_360_005r__Recitation_12.pdf.txt,extracted_text\pdf\files_10500000002346465_cmpsc_360_section_005r_discrete_math_cs_22481_up_p_cmpsc_360_005r__Recitation_12.pdf.txt.summary.txt,.txt,370,ok,
extracted_text\pdf\files_10500000002346465_cmpsc_360_section_005r_discrete_math_cs_22481_up_p_cmpsc_360_005r__Recitation_12_Solutions.pdf.txt,extracted_text\pdf\files_10500000002346465_cmpsc_360_section_005r_discrete_math_cs_22481_up_p_cmpsc_360_005r__Recitation_12_Solutions.pdf.txt.summary.txt,.txt,317,ok,
extracted_text\pdf\files_10500000002346465_cmpsc_360_section_005r_discrete_math_cs_22481_up_p_cmpsc_360_005r__Recitation_1_Solutions.pdf.txt,extracted_text\pdf\files_10500000002346465_cmpsc_360_section_005r_discrete_math_cs_22481_up_p_cmpsc_360_005r__Recitation_1_Solutions.pdf.txt.summary.txt,.txt,348,ok,
extracted_text\pdf\files_10500000002346465_cmpsc_360_section_005r_discrete_math_cs_22481_up_p_cmpsc_360_005r__Recitation_2.pdf.txt,extracted_text\pdf\files_10500000002346465_cmpsc_360_section_005r_discrete_math_cs_22481_up_p_cmpsc_360_005r__Recitation_2.pdf.txt.summary.txt,.txt,343,ok,
extracted_text\pdf\files_10500000002346465_cmpsc_360_section_005r_discrete_math_cs_22481_up_p_cmpsc_360_005r__Recitation_2_Solutions.pdf.txt,extracted_text\pdf\files_10500000002346465_cmpsc_360_section_005r_discrete_math_cs_22481_up_p_cmpsc_360_005r__Recitation_2_Solutions.pdf.txt.summary.txt,.txt,387,ok,
extracted_text\pdf\files_10500000002346465_cmpsc_360_section_005r_discrete_math_cs_22481_up_p_cmpsc_360_005r__Recitation_3.pdf.txt,extracted_text\pdf\files_10500000002346465_cmpsc_360_section_005r_discrete_math_cs_22481_up_p_cmpsc_360_005r__Recitation_3.pdf.txt.summary.txt,.txt,359,ok,
extracted_text\pdf\files_10500000002346465_cmpsc_360_section_005r_discrete_math_cs_22481_up_p_cmpsc_360_005r__Recitation_3_Solutions.pdf.txt,extracted_text\pdf\files_10500000002346465_cmpsc_360_section_005r_discrete_math_cs_22481_up_p_cmpsc_360_005r__Recitation_3_Solutions.pdf.txt.summary.txt,.txt,329,ok,
extracted_text\pdf\files_10500000002346465_cmpsc_360_section_005r_discrete_math_cs_22481_up_p_cmpsc_360_005r__Recitation_4.pdf.txt,extracted_text\pdf\files_10500000002346465_cmpsc_360_section_005r_discrete_math_cs_22481_up_p_cmpsc_360_005r__Recitation_4.pdf.txt.summary.txt,.txt,299,ok,
extracted_text\pdf\files_10500000002346465_cmpsc_360_section_005r_discrete_math_cs_22481_up_p_cmpsc_360_005r__Recitation_4_Solutions.pdf.txt,extracted_text\pdf\files_10500000002346465_cmpsc_360_section_005r_discrete_math_cs_22481_up_p_cmpsc_360_005r__Recitation_4_Solutions.pdf.txt.summary.txt,.txt,336,ok,
extracted_text\pdf\files_10500000002346465_cmpsc_360_section_005r_discrete_math_cs_22481_up_p_cmpsc_360_005r__Recitation_5.pdf.txt,extracted_text\pdf\files_10500000002346465_cmpsc_360_section_005r_discrete_math_cs_22481_up_p_cmpsc_360_005r__Recitation_5.pdf.txt.summary.txt,.txt,298,ok,
extracted_text\pdf\files_10500000002346465_cmpsc_360_section_005r_discrete_math_cs_22481_up_p_cmpsc_360_005r__Recitation_5_Solutions.pdf.txt,extracted_text\pdf\files_10500000002346465_cmpsc_360_section_005r_discrete_math_cs_22481_up_p_cmpsc_360_005r__Recitation_5_Solutions.pdf.txt.summary.txt,.txt,323,ok,
extracted_text\pdf\files_10500000002346465_cmpsc_360_section_005r_discrete_math_cs_22481_up_p_cmpsc_360_005r__Recitation_6.pdf.txt,extracted_text\pdf\files_10500000002346465_cmpsc_360_section_005r_discrete_math_cs_22481_up_p_cmpsc_360_005r__Recitation_6.pdf.txt.summary.txt,.txt,299,ok,
extracted_text\pdf\files_10500000002346465_cmpsc_360_section_005r_discrete_math_cs_22481_up_p_cmpsc_360_005r__Recitation_6_Solutions.pdf.txt,extracted_text\pdf\files_10500000002346465_cmpsc_360_section_005r_discrete_math_cs_22481_up_p_cmpsc_360_005r__Recitation_6_Solutions.pdf.txt.summary.txt,.txt,319,ok,
extracted_text\pdf\files_10500000002346465_cmpsc_360_section_005r_discrete_math_cs_22481_up_p_cmpsc_360_005r__Recitation_7.pdf.txt,extracted_text\pdf\files_10500000002346465_cmpsc_360_section_005r_discrete_math_cs_22481_up_p_cmpsc_360_005r__Recitation_7.pdf.txt.summary.txt,.txt,296,ok,
extracted_text\pdf\files_10500000002346465_cmpsc_360_section_005r_discrete_math_cs_22481_up_p_cmpsc_360_005r__Recitation_7_Solutions.pdf.txt,extracted_text\pdf\files_10500000002346465_cmpsc_360_section_005r_discrete_math_cs_22481_up_p_cmpsc_360_005r__Recitation_7_Solutions.pdf.txt.summary.txt,.txt,295,ok,
extracted_text\pdf\files_10500000002346465_cmpsc_360_section_005r_discrete_math_cs_22481_up_p_cmpsc_360_005r__Recitation_8.pdf.txt,extracted_text\pdf\files_10500000002346465_cmpsc_360_section_005r_discrete_math_cs_22481_up_p_cmpsc_360_005r__Recitation_8.pdf.txt.summary.txt,.txt,316,ok,
extracted_text\pdf\files_10500000002346465_cmpsc_360_section_005r_discrete_math_cs_22481_up_p_cmpsc_360_005r__Recitation_8_Solutions.pdf.txt,extracted_text\pdf\files_10500000002346465_cmpsc_360_section_005r_discrete_math_cs_22481_up_p_cmpsc_360_005r__Recitation_8_Solutions.pdf.txt.summary.txt,.txt,300,ok,
extracted_text\pdf\files_10500000002346465_cmpsc_360_section_005r_discrete_math_cs_22481_up_p_cmpsc_360_005r__Recitation_9.pdf.txt,extracted_text\pdf\files_10500000002346465_cmpsc_360_section_005r_discrete_math_cs_22481_up_p_cmpsc_360_005r__Recitation_9.pdf.txt.summary.txt,.txt,300,ok,
extracted_text\pdf\files_10500000002346465_cmpsc_360_section_005r_discrete_math_cs_22481_up_p_cmpsc_360_005r__Recitation_9_Solutions.pdf.txt,extracted_text\pdf\files_10500000002346465_cmpsc_360_section_005r_discrete_math_cs_22481_up_p_cmpsc_360_005r__Recitation_9_Solutions.pdf.txt.summary.txt,.txt,244,ok,
extracted_text\pdf\files_10500000002379441_cmpsc221_spring_2025_sec_1_and_2__Course Scheduler Design Layout V2.pdf.txt,extracted_text\pdf\files_10500000002379441_cmpsc221_spring_2025_sec_1_and_2__Course Scheduler Design Layout V2.pdf.txt.summary.txt,.txt,385,ok,
extracted_text\pdf\files_10500000002379441_cmpsc221_spring_2025_sec_1_and_2__Course Scheduler Final ProjectV2 Part 1 Grading Rubric.pdf.txt,extracted_text\pdf\files_10500000002379441_cmpsc221_spring_2025_sec_1_and_2__Course Scheduler Final ProjectV2 Part 1 Grading Rubric.pdf.txt.summary.txt,.txt,402,ok,
extracted_text\pdf\files_10500000002379441_cmpsc221_spring_2025_sec_1_and_2__Course Scheduler Final ProjectV2 Part 2 Grading Rubric.pdf.txt,extracted_text\pdf\files_10500000002379441_cmpsc221_spring_2025_sec_1_and_2__Course Scheduler Final ProjectV2 Part 2 Grading Rubric.pdf.txt.summary.txt,.txt,295,ok,
extracted_text\pdf\files_10500000002379441_cmpsc221_spring_2025_sec_1_and_2__CourseSchedulerPart1V2.pdf.txt,extracted_text\pdf\files_10500000002379441_cmpsc221_spring_2025_sec_1_and_2__CourseSchedulerPart1V2.pdf.txt.summary.txt,.txt,294,ok,
extracted_text\pdf\files_10500000002379441_cmpsc221_spring_2025_sec_1_and_2__CourseSchedulerPart2.pdf.txt,extracted_text\pdf\files_10500000002379441_cmpsc221_spring_2025_sec_1_and_2__CourseSchedulerPart2.pdf.txt.summary.txt,.txt,409,ok,
extracted_text\pdf\files_10500000002379441_cmpsc221_spring_2025_sec_1_and_2__CourseSchedulerPart2V2.pdf.txt,extracted_text\pdf\files_10500000002379441_cmpsc221_spring_2025_sec_1_and_2__CourseSchedulerPart2V2.pdf.txt.summary.txt,.txt,350,ok,
extracted_text\pdf\files_10500000002379441_cmpsc221_spring_2025_sec_1_and_2__dbguide.pdf.txt,extracted_text\pdf\files_10500000002379441_cmpsc221_spring_2025_sec_1_and_2__dbguide.pdf.txt.summary.txt,.txt,310,ok,
extracted_text\pdf\files_10500000002379441_cmpsc221_spring_2025_sec_1_and_2__DevPSU XC Syllabus (Spring 2020).pdf.txt,extracted_text\pdf\files_10500000002379441_cmpsc221_spring_2025_sec_1_and_2__DevPSU XC Syllabus (Spring 2020).pdf.txt.summary.txt,.txt,380,ok,
extracted_text\pdf\files_10500000002379441_cmpsc221_spring_2025_sec_1_and_2__FlightSchedulerFinalProject.pdf.txt,extracted_text\pdf\files_10500000002379441_cmpsc221_spring_2025_sec_1_and_2__FlightSchedulerFinalProject.pdf.txt.summary.txt,.txt,321,ok,
extracted_text\pdf\files_10500000002379441_cmpsc221_spring_2025_sec_1_and_2__Help Document PA6.pdf.txt,extracted_text\pdf\files_10500000002379441_cmpsc221_spring_2025_sec_1_and_2__Help Document PA6.pdf.txt.summary.txt,.txt,388,ok,
extracted_text\pdf\files_10500000002379441_cmpsc221_spring_2025_sec_1_and_2__PA1 Loan Account Grading Rubric.pdf.txt,extracted_text\pdf\files_10500000002379441_cmpsc221_spring_2025_sec_1_and_2__PA1 Loan Account Grading Rubric.pdf.txt.summary.txt,.txt,257,ok,
extracted_text\pdf\files_10500000002379441_cmpsc221_spring_2025_sec_1_and_2__PA2 Loan Account Hierarchy Grading Rubric.pdf.txt,extracted_text\pdf\files_10500000002379441_cmpsc221_spring_2025_sec_1_and_2__PA2 Loan Account Hierarchy Grading Rubric.pdf.txt.summary.txt,.txt,389,ok,
extracted_text\pdf\files_10500000002379441_cmpsc221_spring_2025_sec_1_and_2__PA3 Customer Loan Accounts Grading Rubric.docx.pdf.txt,extracted_text\pdf\files_10500000002379441_cmpsc221_spring_2025_sec_1_and_2__PA3 Customer Loan Accounts Grading Rubric.docx.pdf.txt.summary.txt,.txt,435,ok,
extracted_text\pdf\files_10500000002379441_cmpsc221_spring_2025_sec_1_and_2__PA5 2D Drawing Application Grading Rubric.pdf.txt,extracted_text\pdf\files_10500000002379441_cmpsc221_spring_2025_sec_1_and_2__PA5 2D Drawing Application Grading Rubric.pdf.txt.summary.txt,.txt,376,ok,
extracted_text\pdf\files_10500000002379441_cmpsc221_spring_2025_sec_1_and_2__PA6 Functional Programming Grading Rubric.pdf.txt,extracted_text\pdf\files_10500000002379441_cmpsc221_spring_2025_sec_1_and_2__PA6 Functional Programming Grading Rubric.pdf.txt.summary.txt,.txt,421,ok,
extracted_text\pdf\files_10500000002379441_cmpsc221_spring_2025_sec_1_and_2__Using-Apache-Netbeans.pdf.txt,extracted_text\pdf\files_10500000002379441_cmpsc221_spring_2025_sec_1_and_2__Using-Apache-Netbeans.pdf.txt.summary.txt,.txt,313,ok,
extracted_text\pdf\files_10500000002412508_cmpen_ee_362_fall_2025__formula sheet.pdf.txt,extracted_text\pdf\files_10500000002412508_cmpen_ee_362_fall_2025__formula sheet.pdf.txt.summary.txt,.txt,286,ok,
extracted_text\pdf\files_10500000002412508_cmpen_ee_362_fall_2025__HW1 - template.pdf.txt,extracted_text\pdf\files_10500000002412508_cmpen_ee_362_fall_2025__HW1 - template.pdf.txt.summary.txt,.txt,343,ok,
extracted_text\pdf\files_10500000002412508_cmpen_ee_362_fall_2025__HW2 - template.pdf.txt,extracted_text\pdf\files_10500000002412508_cmpen_ee_362_fall_2025__HW2 - template.pdf.txt.summary.txt,.txt,332,ok,
extracted_text\pdf\files_10500000002412508_cmpen_ee_362_fall_2025__HW3 - template.pdf.txt,extracted_text\pdf\files_10500000002412508_cmpen_ee_362_fall_2025__HW3 - template.pdf.txt.summary.txt,.txt,286,ok,
extracted_text\pdf\files_10500000002412508_cmpen_ee_362_fall_2025__HW4 - template.pdf.txt,extracted_text\pdf\files_10500000002412508_cmpen_ee_362_fall_2025__HW4 - template.pdf.txt.summary.txt,.txt,269,ok,
extracted_text\pdf\files_10500000002412508_cmpen_ee_362_fall_2025__HW5 - template.pdf.txt,extracted_text\pdf\files_10500000002412508_cmpen_ee_362_fall_2025__HW5 - template.pdf.txt.summary.txt,.txt,297,ok,
extracted_text\pdf\files_10500000002412508_cmpen_ee_362_fall_2025__HW6 - template.pdf.txt,extracted_text\pdf\files_10500000002412508_cmpen_ee_362_fall_2025__HW6 - template.pdf.txt.summary.txt,.txt,290,ok,
extracted_text\pdf\files_10500000002412508_cmpen_ee_362_fall_2025__midterm_fall2025 - soln.pdf.txt,extracted_text\pdf\files_10500000002412508_cmpen_ee_362_fall_2025__midterm_fall2025 - soln.pdf.txt.summary.txt,.txt,363,ok,
extracted_text\pdf\files_10500000002412508_cmpen_ee_362_fall_2025__midterm_practice - soln.pdf.txt,extracted_text\pdf\files_10500000002412508_cmpen_ee_362_fall_2025__midterm_practice - soln.pdf.txt.summary.txt,.txt,375,ok,
extracted_text\pdf\files_10500000002412508_cmpen_ee_362_fall_2025__midterm_practice.pdf.txt,extracted_text\pdf\files_10500000002412508_cmpen_ee_362_fall_2025__midterm_practice.pdf.txt.summary.txt,.txt,360,ok,
extracted_text\pdf\files_10500000002412508_cmpen_ee_362_fall_2025__preliminary.pdf.txt,extracted_text\pdf\files_10500000002412508_cmpen_ee_362_fall_2025__preliminary.pdf.txt.summary.txt,.txt,357,ok,
extracted_text\pdf\files_10500000002413841_cmpsc_465_data_structures_and_algorithms__CMPSC465_10_20_2025.pdf.txt,extracted_text\pdf\files_10500000002413841_cmpsc_465_data_structures_and_algorithms__CMPSC465_10_20_2025.pdf.txt.summary.txt,.txt,292,ok,
extracted_text\pdf\files_10500000002413841_cmpsc_465_data_structures_and_algorithms__CMPSC465_10_22_2025.pdf.txt,extracted_text\pdf\files_10500000002413841_cmpsc_465_data_structures_and_algorithms__CMPSC465_10_22_2025.pdf.txt.summary.txt,.txt,397,ok,
extracted_text\pdf\files_10500000002413841_cmpsc_465_data_structures_and_algorithms__CMPSC465_10_24_2025.pdf.txt,extracted_text\pdf\files_10500000002413841_cmpsc_465_data_structures_and_algorithms__CMPSC465_10_24_2025.pdf.txt.summary.txt,.txt,431,ok,
extracted_text\pdf\files_10500000002413841_cmpsc_465_data_structures_and_algorithms__hw-template.pdf.txt,extracted_text\pdf\files_10500000002413841_cmpsc_465_data_structures_and_algorithms__hw-template.pdf.txt.summary.txt,.txt,214,ok,
extracted_text\pdf\files_10500000002413841_cmpsc_465_data_structures_and_algorithms__HW1-sol.pdf.txt,extracted_text\pdf\files_10500000002413841_cmpsc_465_data_structures_and_algorithms__HW1-sol.pdf.txt.summary.txt,.txt,291,ok,
extracted_text\pdf\files_10500000002413841_cmpsc_465_data_structures_and_algorithms__HW1.pdf.txt,extracted_text\pdf\files_10500000002413841_cmpsc_465_data_structures_and_algorithms__HW1.pdf.txt.summary.txt,.txt,335,ok,
extracted_text\pdf\files_10500000002413841_cmpsc_465_data_structures_and_algorithms__HW2-sol.pdf.txt,extracted_text\pdf\files_10500000002413841_cmpsc_465_data_structures_and_algorithms__HW2-sol.pdf.txt.summary.txt,.txt,321,ok,
extracted_text\pdf\files_10500000002413841_cmpsc_465_data_structures_and_algorithms__HW2.pdf.txt,extracted_text\pdf\files_10500000002413841_cmpsc_465_data_structures_and_algorithms__HW2.pdf.txt.summary.txt,.txt,383,ok,
extracted_text\pdf\files_10500000002413841_cmpsc_465_data_structures_and_algorithms__HW3-sol.pdf.txt,extracted_text\pdf\files_10500000002413841_cmpsc_465_data_structures_and_algorithms__HW3-sol.pdf.txt.summary.txt,.txt,280,ok,
extracted_text\pdf\files_10500000002413841_cmpsc_465_data_structures_and_algorithms__HW3.pdf.txt,extracted_text\pdf\files_10500000002413841_cmpsc_465_data_structures_and_algorithms__HW3.pdf.txt.summary.txt,.txt,311,ok,
extracted_text\pdf\files_10500000002413841_cmpsc_465_data_structures_and_algorithms__HW4-sol.pdf.txt,extracted_text\pdf\files_10500000002413841_cmpsc_465_data_structures_and_algorithms__HW4-sol.pdf.txt.summary.txt,.txt,333,ok,
extracted_text\pdf\files_10500000002413841_cmpsc_465_data_structures_and_algorithms__HW4.pdf.txt,extracted_text\pdf\files_10500000002413841_cmpsc_465_data_structures_and_algorithms__HW4.pdf.txt.summary.txt,.txt,273,ok,
extracted_text\pdf\files_10500000002413841_cmpsc_465_data_structures_and_algorithms__HW5-sol.pdf.txt,extracted_text\pdf\files_10500000002413841_cmpsc_465_data_structures_and_algorithms__HW5-sol.pdf.txt.summary.txt,.txt,508,ok,
extracted_text\pdf\files_10500000002413841_cmpsc_465_data_structures_and_algorithms__HW5.pdf.txt,extracted_text\pdf\files_10500000002413841_cmpsc_465_data_structures_and_algorithms__HW5.pdf.txt.summary.txt,.txt,280,ok,
extracted_text\pdf\files_10500000002413841_cmpsc_465_data_structures_and_algorithms__HW6-sol.pdf.txt,extracted_text\pdf\files_10500000002413841_cmpsc_465_data_structures_and_algorithms__HW6-sol.pdf.txt.summary.txt,.txt,323,ok,
extracted_text\pdf\files_10500000002413841_cmpsc_465_data_structures_and_algorithms__HW6.pdf.txt,extracted_text\pdf\files_10500000002413841_cmpsc_465_data_structures_and_algorithms__HW6.pdf.txt.summary.txt,.txt,305,ok,
extracted_text\pdf\files_10500000002413841_cmpsc_465_data_structures_and_algorithms__lec1.pdf.txt,extracted_text\pdf\files_10500000002413841_cmpsc_465_data_structures_and_algorithms__lec1.pdf.txt.summary.txt,.txt,333,ok,
extracted_text\pdf\files_10500000002413841_cmpsc_465_data_structures_and_algorithms__lec10.pdf.txt,extracted_text\pdf\files_10500000002413841_cmpsc_465_data_structures_and_algorithms__lec10.pdf.txt.summary.txt,.txt,344,ok,
extracted_text\pdf\files_10500000002413841_cmpsc_465_data_structures_and_algorithms__lec11.pdf.txt,extracted_text\pdf\files_10500000002413841_cmpsc_465_data_structures_and_algorithms__lec11.pdf.txt.summary.txt,.txt,369,ok,
extracted_text\pdf\files_10500000002413841_cmpsc_465_data_structures_and_algorithms__lec12.pdf.txt,extracted_text\pdf\files_10500000002413841_cmpsc_465_data_structures_and_algorithms__lec12.pdf.txt.summary.txt,.txt,370,ok,
extracted_text\pdf\files_10500000002413841_cmpsc_465_data_structures_and_algorithms__lec13.pdf.txt,extracted_text\pdf\files_10500000002413841_cmpsc_465_data_structures_and_algorithms__lec13.pdf.txt.summary.txt,.txt,362,ok,
extracted_text\pdf\files_10500000002413841_cmpsc_465_data_structures_and_algorithms__lec14.pdf.txt,extracted_text\pdf\files_10500000002413841_cmpsc_465_data_structures_and_algorithms__lec14.pdf.txt.summary.txt,.txt,356,ok,
extracted_text\pdf\files_10500000002413841_cmpsc_465_data_structures_and_algorithms__lec15.pdf.txt,extracted_text\pdf\files_10500000002413841_cmpsc_465_data_structures_and_algorithms__lec15.pdf.txt.summary.txt,.txt,367,ok,
extracted_text\pdf\files_10500000002413841_cmpsc_465_data_structures_and_algorithms__lec16.pdf.txt,extracted_text\pdf\files_10500000002413841_cmpsc_465_data_structures_and_algorithms__lec16.pdf.txt.summary.txt,.txt,339,ok,
extracted_text\pdf\files_10500000002413841_cmpsc_465_data_structures_and_algorithms__lec17.pdf.txt,extracted_text\pdf\files_10500000002413841_cmpsc_465_data_structures_and_algorithms__lec17.pdf.txt.summary.txt,.txt,365,ok,
extracted_text\pdf\files_10500000002413841_cmpsc_465_data_structures_and_algorithms__lec18.pdf.txt,extracted_text\pdf\files_10500000002413841_cmpsc_465_data_structures_and_algorithms__lec18.pdf.txt.summary.txt,.txt,312,ok,
extracted_text\pdf\files_10500000002413841_cmpsc_465_data_structures_and_algorithms__lec19.pdf.txt,extracted_text\pdf\files_10500000002413841_cmpsc_465_data_structures_and_algorithms__lec19.pdf.txt.summary.txt,.txt,417,ok,
extracted_text\pdf\files_10500000002413841_cmpsc_465_data_structures_and_algorithms__lec2.pdf.txt,extracted_text\pdf\files_10500000002413841_cmpsc_465_data_structures_and_algorithms__lec2.pdf.txt.summary.txt,.txt,358,ok,
extracted_text\pdf\files_10500000002413841_cmpsc_465_data_structures_and_algorithms__lec20.pdf.txt,extracted_text\pdf\files_10500000002413841_cmpsc_465_data_structures_and_algorithms__lec20.pdf.txt.summary.txt,.txt,288,ok,
extracted_text\pdf\files_10500000002413841_cmpsc_465_data_structures_and_algorithms__lec3.pdf.txt,extracted_text\pdf\files_10500000002413841_cmpsc_465_data_structures_and_algorithms__lec3.pdf.txt.summary.txt,.txt,355,ok,
extracted_text\pdf\files_10500000002413841_cmpsc_465_data_structures_and_algorithms__lec4.pdf.txt,extracted_text\pdf\files_10500000002413841_cmpsc_465_data_structures_and_algorithms__lec4.pdf.txt.summary.txt,.txt,360,ok,
extracted_text\pdf\files_10500000002413841_cmpsc_465_data_structures_and_algorithms__lec5.pdf.txt,extracted_text\pdf\files_10500000002413841_cmpsc_465_data_structures_and_algorithms__lec5.pdf.txt.summary.txt,.txt,417,ok,
extracted_text\pdf\files_10500000002413841_cmpsc_465_data_structures_and_algorithms__lec6.pdf.txt,extracted_text\pdf\files_10500000002413841_cmpsc_465_data_structures_and_algorithms__lec6.pdf.txt.summary.txt,.txt,264,ok,
extracted_text\pdf\files_10500000002413841_cmpsc_465_data_structures_and_algorithms__lec7.pdf.txt,extracted_text\pdf\files_10500000002413841_cmpsc_465_data_structures_and_algorithms__lec7.pdf.txt.summary.txt,.txt,404,ok,
extracted_text\pdf\files_10500000002413841_cmpsc_465_data_structures_and_algorithms__lec8.pdf.txt,extracted_text\pdf\files_10500000002413841_cmpsc_465_data_structures_and_algorithms__lec8.pdf.txt.summary.txt,.txt,395,ok,
extracted_text\pdf\files_10500000002413841_cmpsc_465_data_structures_and_algorithms__lec9.pdf.txt,extracted_text\pdf\files_10500000002413841_cmpsc_465_data_structures_and_algorithms__lec9.pdf.txt.summary.txt,.txt,379,ok,
extracted_text\pdf\files_10500000002413841_cmpsc_465_data_structures_and_algorithms__quiz_1.pdf.txt,extracted_text\pdf\files_10500000002413841_cmpsc_465_data_structures_and_algorithms__quiz_1.pdf.txt.summary.txt,.txt,333,ok,
extracted_text\pdf\files_10500000002413841_cmpsc_465_data_structures_and_algorithms__quiz_1_sol.pdf.txt,extracted_text\pdf\files_10500000002413841_cmpsc_465_data_structures_and_algorithms__quiz_1_sol.pdf.txt.summary.txt,.txt,430,ok,
extracted_text\pdf\files_10500000002413841_cmpsc_465_data_structures_and_algorithms__quiz_2.pdf.txt,extracted_text\pdf\files_10500000002413841_cmpsc_465_data_structures_and_algorithms__quiz_2.pdf.txt.summary.txt,.txt,302,ok,
extracted_text\pdf\files_10500000002413841_cmpsc_465_data_structures_and_algorithms__quiz_2_sol.pdf.txt,extracted_text\pdf\files_10500000002413841_cmpsc_465_data_structures_and_algorithms__quiz_2_sol.pdf.txt.summary.txt,.txt,286,ok,
extracted_text\pdf\files_10500000002413841_cmpsc_465_data_structures_and_algorithms__quiz_3.pdf.txt,extracted_text\pdf\files_10500000002413841_cmpsc_465_data_structures_and_algorithms__quiz_3.pdf.txt.summary.txt,.txt,220,ok,
extracted_text\pdf\files_10500000002413841_cmpsc_465_data_structures_and_algorithms__quiz_3_sol.pdf.txt,extracted_text\pdf\files_10500000002413841_cmpsc_465_data_structures_and_algorithms__quiz_3_sol.pdf.txt.summary.txt,.txt,315,ok,
extracted_text\pdf\files_10500000002413841_cmpsc_465_data_structures_and_algorithms__quiz_4.pdf.txt,extracted_text\pdf\files_10500000002413841_cmpsc_465_data_structures_and_algorithms__quiz_4.pdf.txt.summary.txt,.txt,324,ok,
extracted_text\pdf\files_10500000002413841_cmpsc_465_data_structures_and_algorithms__quiz_4_sol.pdf.txt,extracted_text\pdf\files_10500000002413841_cmpsc_465_data_structures_and_algorithms__quiz_4_sol.pdf.txt.summary.txt,.txt,344,ok,
extracted_text\pdf\files_10500000002413841_cmpsc_465_data_structures_and_algorithms__quiz_5.pdf.txt,extracted_text\pdf\files_10500000002413841_cmpsc_465_data_structures_and_algorithms__quiz_5.pdf.txt.summary.txt,.txt,330,ok,
extracted_text\pdf\files_10500000002413841_cmpsc_465_data_structures_and_algorithms__quiz_5_sol.pdf.txt,extracted_text\pdf\files_10500000002413841_cmpsc_465_data_structures_and_algorithms__quiz_5_sol.pdf.txt.summary.txt,.txt,382,ok,
extracted_text\pdf\files_10500000002413841_cmpsc_465_data_structures_and_algorithms__quiz_6.pdf.txt,extracted_text\pdf\files_10500000002413841_cmpsc_465_data_structures_and_algorithms__quiz_6.pdf.txt.summary.txt,.txt,337,ok,
extracted_text\pdf\files_10500000002413841_cmpsc_465_data_structures_and_algorithms__quiz_6_sol.pdf.txt,extracted_text\pdf\files_10500000002413841_cmpsc_465_data_structures_and_algorithms__quiz_6_sol.pdf.txt.summary.txt,.txt,342,ok,
extracted_text\pdf\files_10500000002413841_cmpsc_465_data_structures_and_algorithms__Rec 7.pdf.txt,extracted_text\pdf\files_10500000002413841_cmpsc_465_data_structures_and_algorithms__Rec 7.pdf.txt.summary.txt,.txt,292,ok,
extracted_text\pdf\files_10500000002413841_cmpsc_465_data_structures_and_algorithms__recitation 2.pdf.txt,extracted_text\pdf\files_10500000002413841_cmpsc_465_data_structures_and_algorithms__recitation 2.pdf.txt.summary.txt,.txt,322,ok,
extracted_text\pdf\files_10500000002413841_cmpsc_465_data_structures_and_algorithms__recitation1.pdf.txt,extracted_text\pdf\files_10500000002413841_cmpsc_465_data_structures_and_algorithms__recitation1.pdf.txt.summary.txt,.txt,274,ok,
extracted_text\pdf\files_10500000002413841_cmpsc_465_data_structures_and_algorithms__recitation1_sol.pdf.txt,extracted_text\pdf\files_10500000002413841_cmpsc_465_data_structures_and_algorithms__recitation1_sol.pdf.txt.summary.txt,.txt,345,ok,
extracted_text\pdf\files_10500000002413841_cmpsc_465_data_structures_and_algorithms__recitation2_sol.pdf.txt,extracted_text\pdf\files_10500000002413841_cmpsc_465_data_structures_and_algorithms__recitation2_sol.pdf.txt.summary.txt,.txt,258,ok,
extracted_text\pdf\files_10500000002413841_cmpsc_465_data_structures_and_algorithms__recitation_3.pdf.txt,extracted_text\pdf\files_10500000002413841_cmpsc_465_data_structures_and_algorithms__recitation_3.pdf.txt.summary.txt,.txt,295,ok,
extracted_text\pdf\files_10500000002413841_cmpsc_465_data_structures_and_algorithms__recitation_3_sol.pdf.txt,extracted_text\pdf\files_10500000002413841_cmpsc_465_data_structures_and_algorithms__recitation_3_sol.pdf.txt.summary.txt,.txt,260,ok,
extracted_text\pdf\files_10500000002413841_cmpsc_465_data_structures_and_algorithms__recitation_4.pdf.txt,extracted_text\pdf\files_10500000002413841_cmpsc_465_data_structures_and_algorithms__recitation_4.pdf.txt.summary.txt,.txt,342,ok,
extracted_text\pdf\files_10500000002413841_cmpsc_465_data_structures_and_algorithms__recitation_4_sol.pdf.txt,extracted_text\pdf\files_10500000002413841_cmpsc_465_data_structures_and_algorithms__recitation_4_sol.pdf.txt.summary.txt,.txt,383,ok,
extracted_text\pdf\files_10500000002413841_cmpsc_465_data_structures_and_algorithms__recitation_5.pdf.txt,extracted_text\pdf\files_10500000002413841_cmpsc_465_data_structures_and_algorithms__recitation_5.pdf.txt.summary.txt,.txt,425,ok,
extracted_text\pdf\files_10500000002413841_cmpsc_465_data_structures_and_algorithms__recitation_5_sol.pdf.txt,extracted_text\pdf\files_10500000002413841_cmpsc_465_data_structures_and_algorithms__recitation_5_sol.pdf.txt.summary.txt,.txt,275,ok,
extracted_text\pdf\files_10500000002413841_cmpsc_465_data_structures_and_algorithms__recitation_6.pdf.txt,extracted_text\pdf\files_10500000002413841_cmpsc_465_data_structures_and_algorithms__recitation_6.pdf.txt.summary.txt,.txt,288,ok,
extracted_text\pdf\files_10500000002413841_cmpsc_465_data_structures_and_algorithms__recitation_6_sol.pdf.txt,extracted_text\pdf\files_10500000002413841_cmpsc_465_data_structures_and_algorithms__recitation_6_sol.pdf.txt.summary.txt,.txt,375,ok,
extracted_text\pdf\files_10500000002413841_cmpsc_465_data_structures_and_algorithms__recitation_8.pdf.txt,extracted_text\pdf\files_10500000002413841_cmpsc_465_data_structures_and_algorithms__recitation_8.pdf.txt.summary.txt,.txt,332,ok,
extracted_text\pdf\files_10500000002413841_cmpsc_465_data_structures_and_algorithms__rec_7_solution.pdf.txt,extracted_text\pdf\files_10500000002413841_cmpsc_465_data_structures_and_algorithms__rec_7_solution.pdf.txt.summary.txt,.txt,388,ok,
extracted_text\pdf\files_10500000002426582_cmpsc461_fa25_sections_003_004_programming_language_concepts__Assignment 1 - Solution.pdf.txt,extracted_text\pdf\files_10500000002426582_cmpsc461_fa25_sections_003_004_programming_language_concepts__Assignment 1 - Solution.pdf.txt.summary.txt,.txt,328,ok,
extracted_text\pdf\files_10500000002426582_cmpsc461_fa25_sections_003_004_programming_language_concepts__Assignment 1.pdf.txt,extracted_text\pdf\files_10500000002426582_cmpsc461_fa25_sections_003_004_programming_language_concepts__Assignment 1.pdf.txt.summary.txt,.txt,293,ok,
extracted_text\pdf\files_10500000002426582_cmpsc461_fa25_sections_003_004_programming_language_concepts__Assignment 2 - Solution.pdf.txt,extracted_text\pdf\files_10500000002426582_cmpsc461_fa25_sections_003_004_programming_language_concepts__Assignment 2 - Solution.pdf.txt.summary.txt,.txt,314,ok,
extracted_text\pdf\files_10500000002426582_cmpsc461_fa25_sections_003_004_programming_language_concepts__Assignment 2.pdf.txt,extracted_text\pdf\files_10500000002426582_cmpsc461_fa25_sections_003_004_programming_language_concepts__Assignment 2.pdf.txt.summary.txt,.txt,310,ok,
extracted_text\pdf\files_10500000002426582_cmpsc461_fa25_sections_003_004_programming_language_concepts__Assignment 3 - Solution.pdf.txt,,.txt,0,api-error,"429 RESOURCE_EXHAUSTED. {'error': {'code': 429, 'message': 'You exceeded your current quota, please check your plan and billing details. For more information on this error, head to: https://ai.google.dev/gemini-api/docs/rate-limits. To monitor your current usage, head to: https://ai.dev/usage?tab=rate-limit.\n* Quota exceeded for metric: generativelanguage.googleapis.com/generate_content_free_tier_input_token_count, limit: 250000\nPlease retry in 6.671482869s.', 'status': 'RESOURCE_EXHAUSTED', 'details': [{'@type': 'type.googleapis.com/google.rpc.QuotaFailure', 'violations': [{'quotaMetric': 'generativelanguage.googleapis.com/generate_content_free_tier_input_token_count', 'quotaId': 'GenerateContentInputTokensPerModelPerMinute-FreeTier', 'quotaDimensions': {'location': 'global', 'model': 'gemini-2.5-flash'}, 'quotaValue': '250000'}]}, {'@type': 'type.googleapis.com/google.rpc.Help', 'links': [{'description': 'Learn more about Gemini API quotas', 'url': 'https://ai.google.dev/gemini-api/docs/rate-limits'}]}, {'@type': 'type.googleapis.com/google.rpc.RetryInfo', 'retryDelay': '6s'}]}}"
extracted_text\pdf\files_10500000002426582_cmpsc461_fa25_sections_003_004_programming_language_concepts__Assignment 3.pdf.txt,,.txt,0,api-error,"429 RESOURCE_EXHAUSTED. {'error': {'code': 429, 'message': 'You exceeded your current quota, please check your plan and billing details. For more information on this error, head to: https://ai.google.dev/gemini-api/docs/rate-limits. To monitor your current usage, head to: https://ai.dev/usage?tab=rate-limit.\n* Quota exceeded for metric: generativelanguage.googleapis.com/generate_content_free_tier_input_token_count, limit: 250000\nPlease retry in 6.007399007s.', 'status': 'RESOURCE_EXHAUSTED', 'details': [{'@type': 'type.googleapis.com/google.rpc.QuotaFailure', 'violations': [{'quotaMetric': 'generativelanguage.googleapis.com/generate_content_free_tier_input_token_count', 'quotaId': 'GenerateContentInputTokensPerModelPerMinute-FreeTier', 'quotaDimensions': {'location': 'global', 'model': 'gemini-2.5-flash'}, 'quotaValue': '250000'}]}, {'@type': 'type.googleapis.com/google.rpc.Help', 'links': [{'description': 'Learn more about Gemini API quotas', 'url': 'https://ai.google.dev/gemini-api/docs/rate-limits'}]}, {'@type': 'type.googleapis.com/google.rpc.RetryInfo', 'retryDelay': '6s'}]}}"
extracted_text\pdf\files_10500000002426582_cmpsc461_fa25_sections_003_004_programming_language_concepts__Assignment 4 Solution.pdf.txt,,.txt,0,api-error,"429 RESOURCE_EXHAUSTED. {'error': {'code': 429, 'message': 'You exceeded your current quota, please check your plan and billing details. For more information on this error, head to: https://ai.google.dev/gemini-api/docs/rate-limits. To monitor your current usage, head to: https://ai.dev/usage?tab=rate-limit.\n* Quota exceeded for metric: generativelanguage.googleapis.com/generate_content_free_tier_input_token_count, limit: 250000\nPlease retry in 5.352860063s.', 'status': 'RESOURCE_EXHAUSTED', 'details': [{'@type': 'type.googleapis.com/google.rpc.QuotaFailure', 'violations': [{'quotaMetric': 'generativelanguage.googleapis.com/generate_content_free_tier_input_token_count', 'quotaId': 'GenerateContentInputTokensPerModelPerMinute-FreeTier', 'quotaDimensions': {'location': 'global', 'model': 'gemini-2.5-flash'}, 'quotaValue': '250000'}]}, {'@type': 'type.googleapis.com/google.rpc.Help', 'links': [{'description': 'Learn more about Gemini API quotas', 'url': 'https://ai.google.dev/gemini-api/docs/rate-limits'}]}, {'@type': 'type.googleapis.com/google.rpc.RetryInfo', 'retryDelay': '5s'}]}}"
extracted_text\pdf\files_10500000002426582_cmpsc461_fa25_sections_003_004_programming_language_concepts__Assignment 4.pdf.txt,,.txt,0,api-error,"429 RESOURCE_EXHAUSTED. {'error': {'code': 429, 'message': 'You exceeded your current quota, please check your plan and billing details. For more information on this error, head to: https://ai.google.dev/gemini-api/docs/rate-limits. To monitor your current usage, head to: https://ai.dev/usage?tab=rate-limit.\n* Quota exceeded for metric: generativelanguage.googleapis.com/generate_content_free_tier_input_token_count, limit: 250000\nPlease retry in 4.660004686s.', 'status': 'RESOURCE_EXHAUSTED', 'details': [{'@type': 'type.googleapis.com/google.rpc.QuotaFailure', 'violations': [{'quotaMetric': 'generativelanguage.googleapis.com/generate_content_free_tier_input_token_count', 'quotaId': 'GenerateContentInputTokensPerModelPerMinute-FreeTier', 'quotaDimensions': {'model': 'gemini-2.5-flash', 'location': 'global'}, 'quotaValue': '250000'}]}, {'@type': 'type.googleapis.com/google.rpc.Help', 'links': [{'description': 'Learn more about Gemini API quotas', 'url': 'https://ai.google.dev/gemini-api/docs/rate-limits'}]}, {'@type': 'type.googleapis.com/google.rpc.RetryInfo', 'retryDelay': '4s'}]}}"
extracted_text\pdf\files_10500000002426582_cmpsc461_fa25_sections_003_004_programming_language_concepts__Assignment 5.pdf.txt,,.txt,0,api-error,"429 RESOURCE_EXHAUSTED. {'error': {'code': 429, 'message': 'You exceeded your current quota, please check your plan and billing details. For more information on this error, head to: https://ai.google.dev/gemini-api/docs/rate-limits. To monitor your current usage, head to: https://ai.dev/usage?tab=rate-limit.\n* Quota exceeded for metric: generativelanguage.googleapis.com/generate_content_free_tier_input_token_count, limit: 250000\nPlease retry in 3.963940375s.', 'status': 'RESOURCE_EXHAUSTED', 'details': [{'@type': 'type.googleapis.com/google.rpc.QuotaFailure', 'violations': [{'quotaMetric': 'generativelanguage.googleapis.com/generate_content_free_tier_input_token_count', 'quotaId': 'GenerateContentInputTokensPerModelPerMinute-FreeTier', 'quotaDimensions': {'model': 'gemini-2.5-flash', 'location': 'global'}, 'quotaValue': '250000'}]}, {'@type': 'type.googleapis.com/google.rpc.Help', 'links': [{'description': 'Learn more about Gemini API quotas', 'url': 'https://ai.google.dev/gemini-api/docs/rate-limits'}]}, {'@type': 'type.googleapis.com/google.rpc.RetryInfo', 'retryDelay': '3s'}]}}"
extracted_text\pdf\files_10500000002426582_cmpsc461_fa25_sections_003_004_programming_language_concepts__CMPSC461-Python.pdf.txt,extracted_text\pdf\files_10500000002426582_cmpsc461_fa25_sections_003_004_programming_language_concepts__CMPSC461-Python.pdf.txt.summary.txt,.txt,348,ok,
extracted_text\pdf\files_10500000002426582_cmpsc461_fa25_sections_003_004_programming_language_concepts__CMPSC_461_Fall_2025_Practice_Midterm_1.pdf.txt,extracted_text\pdf\files_10500000002426582_cmpsc461_fa25_sections_003_004_programming_language_concepts__CMPSC_461_Fall_2025_Practice_Midterm_1.pdf.txt.summary.txt,.txt,423,ok,
extracted_text\pdf\files_10500000002426582_cmpsc461_fa25_sections_003_004_programming_language_concepts__CMPSC_461_Fall_2025_Practice_Midterm_1_Sol.pdf.txt,extracted_text\pdf\files_10500000002426582_cmpsc461_fa25_sections_003_004_programming_language_concepts__CMPSC_461_Fall_2025_Practice_Midterm_1_Sol.pdf.txt.summary.txt,.txt,397,ok,
extracted_text\pdf\files_10500000002426582_cmpsc461_fa25_sections_003_004_programming_language_concepts__Exception.pdf.txt,extracted_text\pdf\files_10500000002426582_cmpsc461_fa25_sections_003_004_programming_language_concepts__Exception.pdf.txt.summary.txt,.txt,339,ok,
extracted_text\pdf\files_10500000002426582_cmpsc461_fa25_sections_003_004_programming_language_concepts__Finite-Automata-Annotated.pdf.txt,extracted_text\pdf\files_10500000002426582_cmpsc461_fa25_sections_003_004_programming_language_concepts__Finite-Automata-Annotated.pdf.txt.summary.txt,.txt,392,ok,
extracted_text\pdf\files_10500000002426582_cmpsc461_fa25_sections_003_004_programming_language_concepts__Finite-Automata.pdf.txt,extracted_text\pdf\files_10500000002426582_cmpsc461_fa25_sections_003_004_programming_language_concepts__Finite-Automata.pdf.txt.summary.txt,.txt,305,ok,
extracted_text\pdf\files_10500000002426582_cmpsc461_fa25_sections_003_004_programming_language_concepts__Functional-Programming(Conditions_Functions)-Annotated.pdf.txt,extracted_text\pdf\files_10500000002426582_cmpsc461_fa25_sections_003_004_programming_language_concepts__Functional-Programming(Conditions_Functions)-Annotated.pdf.txt.summary.txt,.txt,372,ok,
extracted_text\pdf\files_10500000002426582_cmpsc461_fa25_sections_003_004_programming_language_concepts__Functional-Programming(Conditions_Functions).pdf.txt,extracted_text\pdf\files_10500000002426582_cmpsc461_fa25_sections_003_004_programming_language_concepts__Functional-Programming(Conditions_Functions).pdf.txt.summary.txt,.txt,262,ok,
extracted_text\pdf\files_10500000002426582_cmpsc461_fa25_sections_003_004_programming_language_concepts__Functional-Programming(Currying and Uncurrying).pdf.txt,extracted_text\pdf\files_10500000002426582_cmpsc461_fa25_sections_003_004_programming_language_concepts__Functional-Programming(Currying and Uncurrying).pdf.txt.summary.txt,.txt,331,ok,
extracted_text\pdf\files_10500000002426582_cmpsc461_fa25_sections_003_004_programming_language_concepts__Functional-Programming(Lists)-Annotated.pdf.txt,extracted_text\pdf\files_10500000002426582_cmpsc461_fa25_sections_003_004_programming_language_concepts__Functional-Programming(Lists)-Annotated.pdf.txt.summary.txt,.txt,328,ok,
extracted_text\pdf\files_10500000002426582_cmpsc461_fa25_sections_003_004_programming_language_concepts__Functional-Programming(Lists).pdf.txt,extracted_text\pdf\files_10500000002426582_cmpsc461_fa25_sections_003_004_programming_language_concepts__Functional-Programming(Lists).pdf.txt.summary.txt,.txt,321,ok,
extracted_text\pdf\files_10500000002426582_cmpsc461_fa25_sections_003_004_programming_language_concepts__Functional-Programming(Lists-More).pdf.txt,extracted_text\pdf\files_10500000002426582_cmpsc461_fa25_sections_003_004_programming_language_concepts__Functional-Programming(Lists-More).pdf.txt.summary.txt,.txt,318,ok,
extracted_text\pdf\files_10500000002426582_cmpsc461_fa25_sections_003_004_programming_language_concepts__Functional-Programming(Variable_Expression_Functions)-Annotated.pdf.txt,extracted_text\pdf\files_10500000002426582_cmpsc461_fa25_sections_003_004_programming_language_concepts__Functional-Programming(Variable_Expression_Functions)-Annotated.pdf.txt.summary.txt,.txt,354,ok,
extracted_text\pdf\files_10500000002426582_cmpsc461_fa25_sections_003_004_programming_language_concepts__Functional-Programming(Variable_Expression_Functions).pdf.txt,extracted_text\pdf\files_10500000002426582_cmpsc461_fa25_sections_003_004_programming_language_concepts__Functional-Programming(Variable_Expression_Functions).pdf.txt.summary.txt,.txt,323,ok,
extracted_text\pdf\files_10500000002426582_cmpsc461_fa25_sections_003_004_programming_language_concepts__Functions.pdf.txt,extracted_text\pdf\files_10500000002426582_cmpsc461_fa25_sections_003_004_programming_language_concepts__Functions.pdf.txt.summary.txt,.txt,442,ok,
extracted_text\pdf\files_10500000002426582_cmpsc461_fa25_sections_003_004_programming_language_concepts__Grammar-Annotated.pdf.txt,extracted_text\pdf\files_10500000002426582_cmpsc461_fa25_sections_003_004_programming_language_concepts__Grammar-Annotated.pdf.txt.summary.txt,.txt,416,ok,
extracted_text\pdf\files_10500000002426582_cmpsc461_fa25_sections_003_004_programming_language_concepts__Grammar.pdf.txt,extracted_text\pdf\files_10500000002426582_cmpsc461_fa25_sections_003_004_programming_language_concepts__Grammar.pdf.txt.summary.txt,.txt,348,ok,
extracted_text\pdf\files_10500000002426582_cmpsc461_fa25_sections_003_004_programming_language_concepts__Homework Template.pdf.txt,extracted_text\pdf\files_10500000002426582_cmpsc461_fa25_sections_003_004_programming_language_concepts__Homework Template.pdf.txt.summary.txt,.txt,117,ok,
extracted_text\pdf\files_10500000002426582_cmpsc461_fa25_sections_003_004_programming_language_concepts__Introduction to Types.pdf.txt,extracted_text\pdf\files_10500000002426582_cmpsc461_fa25_sections_003_004_programming_language_concepts__Introduction to Types.pdf.txt.summary.txt,.txt,543,ok,
extracted_text\pdf\files_10500000002426582_cmpsc461_fa25_sections_003_004_programming_language_concepts__Introduction.pdf.txt,extracted_text\pdf\files_10500000002426582_cmpsc461_fa25_sections_003_004_programming_language_concepts__Introduction.pdf.txt.summary.txt,.txt,327,ok,
extracted_text\pdf\files_10500000002426582_cmpsc461_fa25_sections_003_004_programming_language_concepts__Lambda-Calculus-Boolean.pdf.txt,extracted_text\pdf\files_10500000002426582_cmpsc461_fa25_sections_003_004_programming_language_concepts__Lambda-Calculus-Boolean.pdf.txt.summary.txt,.txt,252,ok,
extracted_text\pdf\files_10500000002426582_cmpsc461_fa25_sections_003_004_programming_language_concepts__Lambda-Calculus-Church Numerals.pdf.txt,extracted_text\pdf\files_10500000002426582_cmpsc461_fa25_sections_003_004_programming_language_concepts__Lambda-Calculus-Church Numerals.pdf.txt.summary.txt,.txt,319,ok,
extracted_text\pdf\files_10500000002426582_cmpsc461_fa25_sections_003_004_programming_language_concepts__Lambda-Calculus.pdf.txt,extracted_text\pdf\files_10500000002426582_cmpsc461_fa25_sections_003_004_programming_language_concepts__Lambda-Calculus.pdf.txt.summary.txt,.txt,325,ok,
extracted_text\pdf\files_10500000002426582_cmpsc461_fa25_sections_003_004_programming_language_concepts__Lexical-Analysis.pdf.txt,extracted_text\pdf\files_10500000002426582_cmpsc461_fa25_sections_003_004_programming_language_concepts__Lexical-Analysis.pdf.txt.summary.txt,.txt,316,ok,
extracted_text\pdf\files_10500000002426582_cmpsc461_fa25_sections_003_004_programming_language_concepts__Memory-Management.pdf.txt,extracted_text\pdf\files_10500000002426582_cmpsc461_fa25_sections_003_004_programming_language_concepts__Memory-Management.pdf.txt.summary.txt,.txt,335,ok,
extracted_text\pdf\files_10500000002426582_cmpsc461_fa25_sections_003_004_programming_language_concepts__Midterm 1 (Conflict) - Solution.pdf.txt,extracted_text\pdf\files_10500000002426582_cmpsc461_fa25_sections_003_004_programming_language_concepts__Midterm 1 (Conflict) - Solution.pdf.txt.summary.txt,.txt,425,ok,
extracted_text\pdf\files_10500000002426582_cmpsc461_fa25_sections_003_004_programming_language_concepts__Midterm 1 - Solution.pdf.txt,extracted_text\pdf\files_10500000002426582_cmpsc461_fa25_sections_003_004_programming_language_concepts__Midterm 1 - Solution.pdf.txt.summary.txt,.txt,412,ok,
extracted_text\pdf\files_10500000002426582_cmpsc461_fa25_sections_003_004_programming_language_concepts__Names-Bindings-Scopes.pdf.txt,extracted_text\pdf\files_10500000002426582_cmpsc461_fa25_sections_003_004_programming_language_concepts__Names-Bindings-Scopes.pdf.txt.summary.txt,.txt,414,ok,
extracted_text\pdf\files_10500000002426582_cmpsc461_fa25_sections_003_004_programming_language_concepts__note-1.pdf.txt,extracted_text\pdf\files_10500000002426582_cmpsc461_fa25_sections_003_004_programming_language_concepts__note-1.pdf.txt.summary.txt,.txt,392,ok,
extracted_text\pdf\files_10500000002426582_cmpsc461_fa25_sections_003_004_programming_language_concepts__note-2.pdf.txt,extracted_text\pdf\files_10500000002426582_cmpsc461_fa25_sections_003_004_programming_language_concepts__note-2.pdf.txt.summary.txt,.txt,355,ok,
extracted_text\pdf\files_10500000002426582_cmpsc461_fa25_sections_003_004_programming_language_concepts__OOP.pdf.txt,,.txt,0,api-error,"500 INTERNAL. {'error': {'code': 500, 'message': 'An internal error has occurred. Please retry or report in https://developers.generativeai.google/guide/troubleshooting', 'status': 'INTERNAL'}}"
extracted_text\pdf\files_10500000002426582_cmpsc461_fa25_sections_003_004_programming_language_concepts__Parsing.pdf.txt,extracted_text\pdf\files_10500000002426582_cmpsc461_fa25_sections_003_004_programming_language_concepts__Parsing.pdf.txt.summary.txt,.txt,455,ok,
extracted_text\pdf\files_10500000002426582_cmpsc461_fa25_sections_003_004_programming_language_concepts__Practice Assignment#1 Solution.pdf.txt,,.txt,0,api-error,"500 INTERNAL. {'error': {'code': 500, 'message': 'An internal error has occurred. Please retry or report in https://developers.generativeai.google/guide/troubleshooting', 'status': 'INTERNAL'}}"
extracted_text\pdf\files_10500000002426582_cmpsc461_fa25_sections_003_004_programming_language_concepts__Practice Assignment#1.pdf.txt,,.txt,0,api-error,"500 INTERNAL. {'error': {'code': 500, 'message': 'An internal error has occurred. Please retry or report in https://developers.generativeai.google/guide/troubleshooting', 'status': 'INTERNAL'}}"
extracted_text\pdf\files_10500000002426582_cmpsc461_fa25_sections_003_004_programming_language_concepts__Practice Assignment#2 Solution.pdf.txt,,.txt,0,api-error,"500 INTERNAL. {'error': {'code': 500, 'message': 'An internal error has occurred. Please retry or report in https://developers.generativeai.google/guide/troubleshooting', 'status': 'INTERNAL'}}"
extracted_text\pdf\files_10500000002426582_cmpsc461_fa25_sections_003_004_programming_language_concepts__Practice Assignment#2.pdf.txt,,.txt,0,api-error,"500 INTERNAL. {'error': {'code': 500, 'message': 'An internal error has occurred. Please retry or report in https://developers.generativeai.google/guide/troubleshooting', 'status': 'INTERNAL'}}"
extracted_text\pdf\files_10500000002426582_cmpsc461_fa25_sections_003_004_programming_language_concepts__Practice Assignment#3 Solution.pdf.txt,,.txt,0,api-error,"500 INTERNAL. {'error': {'code': 500, 'message': 'An internal error has occurred. Please retry or report in https://developers.generativeai.google/guide/troubleshooting', 'status': 'INTERNAL'}}"
extracted_text\pdf\files_10500000002426582_cmpsc461_fa25_sections_003_004_programming_language_concepts__Practice Assignment#3.pdf.txt,,.txt,0,api-error,"500 INTERNAL. {'error': {'code': 500, 'message': 'An internal error has occurred. Please retry or report in https://developers.generativeai.google/guide/troubleshooting', 'status': 'INTERNAL'}}"
extracted_text\pdf\files_10500000002426582_cmpsc461_fa25_sections_003_004_programming_language_concepts__Practice Assignment#4 Solution.pdf.txt,,.txt,0,api-error,"429 RESOURCE_EXHAUSTED. {'error': {'code': 429, 'message': 'You exceeded your current quota, please check your plan and billing details. For more information on this error, head to: https://ai.google.dev/gemini-api/docs/rate-limits. To monitor your current usage, head to: https://ai.dev/usage?tab=rate-limit.\n* Quota exceeded for metric: generativelanguage.googleapis.com/generate_content_free_tier_requests, limit: 10\nPlease retry in 6.308034131s.', 'status': 'RESOURCE_EXHAUSTED', 'details': [{'@type': 'type.googleapis.com/google.rpc.QuotaFailure', 'violations': [{'quotaMetric': 'generativelanguage.googleapis.com/generate_content_free_tier_requests', 'quotaId': 'GenerateRequestsPerMinutePerProjectPerModel-FreeTier', 'quotaDimensions': {'model': 'gemini-2.5-flash', 'location': 'global'}, 'quotaValue': '10'}]}, {'@type': 'type.googleapis.com/google.rpc.Help', 'links': [{'description': 'Learn more about Gemini API quotas', 'url': 'https://ai.google.dev/gemini-api/docs/rate-limits'}]}, {'@type': 'type.googleapis.com/google.rpc.RetryInfo', 'retryDelay': '6s'}]}}"
extracted_text\pdf\files_10500000002426582_cmpsc461_fa25_sections_003_004_programming_language_concepts__Practice Assignment#4.pdf.txt,,.txt,0,api-error,"429 RESOURCE_EXHAUSTED. {'error': {'code': 429, 'message': 'You exceeded your current quota, please check your plan and billing details. For more information on this error, head to: https://ai.google.dev/gemini-api/docs/rate-limits. To monitor your current usage, head to: https://ai.dev/usage?tab=rate-limit.\n* Quota exceeded for metric: generativelanguage.googleapis.com/generate_content_free_tier_requests, limit: 10\nPlease retry in 5.653476193s.', 'status': 'RESOURCE_EXHAUSTED', 'details': [{'@type': 'type.googleapis.com/google.rpc.QuotaFailure', 'violations': [{'quotaMetric': 'generativelanguage.googleapis.com/generate_content_free_tier_requests', 'quotaId': 'GenerateRequestsPerMinutePerProjectPerModel-FreeTier', 'quotaDimensions': {'location': 'global', 'model': 'gemini-2.5-flash'}, 'quotaValue': '10'}]}, {'@type': 'type.googleapis.com/google.rpc.Help', 'links': [{'description': 'Learn more about Gemini API quotas', 'url': 'https://ai.google.dev/gemini-api/docs/rate-limits'}]}, {'@type': 'type.googleapis.com/google.rpc.RetryInfo', 'retryDelay': '5s'}]}}"
extracted_text\pdf\files_10500000002426582_cmpsc461_fa25_sections_003_004_programming_language_concepts__Practice Assignment#5 Solution.pdf.txt,,.txt,0,api-error,"429 RESOURCE_EXHAUSTED. {'error': {'code': 429, 'message': 'You exceeded your current quota, please check your plan and billing details. For more information on this error, head to: https://ai.google.dev/gemini-api/docs/rate-limits. To monitor your current usage, head to: https://ai.dev/usage?tab=rate-limit.\n* Quota exceeded for metric: generativelanguage.googleapis.com/generate_content_free_tier_requests, limit: 10\nPlease retry in 4.971317017s.', 'status': 'RESOURCE_EXHAUSTED', 'details': [{'@type': 'type.googleapis.com/google.rpc.QuotaFailure', 'violations': [{'quotaMetric': 'generativelanguage.googleapis.com/generate_content_free_tier_requests', 'quotaId': 'GenerateRequestsPerMinutePerProjectPerModel-FreeTier', 'quotaDimensions': {'location': 'global', 'model': 'gemini-2.5-flash'}, 'quotaValue': '10'}]}, {'@type': 'type.googleapis.com/google.rpc.Help', 'links': [{'description': 'Learn more about Gemini API quotas', 'url': 'https://ai.google.dev/gemini-api/docs/rate-limits'}]}, {'@type': 'type.googleapis.com/google.rpc.RetryInfo', 'retryDelay': '4s'}]}}"
extracted_text\pdf\files_10500000002426582_cmpsc461_fa25_sections_003_004_programming_language_concepts__Practice Assignment#5.pdf.txt,,.txt,0,api-error,"429 RESOURCE_EXHAUSTED. {'error': {'code': 429, 'message': 'You exceeded your current quota, please check your plan and billing details. For more information on this error, head to: https://ai.google.dev/gemini-api/docs/rate-limits. To monitor your current usage, head to: https://ai.dev/usage?tab=rate-limit.\n* Quota exceeded for metric: generativelanguage.googleapis.com/generate_content_free_tier_requests, limit: 10\nPlease retry in 4.312116778s.', 'status': 'RESOURCE_EXHAUSTED', 'details': [{'@type': 'type.googleapis.com/google.rpc.QuotaFailure', 'violations': [{'quotaMetric': 'generativelanguage.googleapis.com/generate_content_free_tier_requests', 'quotaId': 'GenerateRequestsPerMinutePerProjectPerModel-FreeTier', 'quotaDimensions': {'model': 'gemini-2.5-flash', 'location': 'global'}, 'quotaValue': '10'}]}, {'@type': 'type.googleapis.com/google.rpc.Help', 'links': [{'description': 'Learn more about Gemini API quotas', 'url': 'https://ai.google.dev/gemini-api/docs/rate-limits'}]}, {'@type': 'type.googleapis.com/google.rpc.RetryInfo', 'retryDelay': '4s'}]}}"
extracted_text\pdf\files_10500000002426582_cmpsc461_fa25_sections_003_004_programming_language_concepts__Program-Verification.pdf.txt,,.txt,0,api-error,"429 RESOURCE_EXHAUSTED. {'error': {'code': 429, 'message': 'You exceeded your current quota, please check your plan and billing details. For more information on this error, head to: https://ai.google.dev/gemini-api/docs/rate-limits. To monitor your current usage, head to: https://ai.dev/usage?tab=rate-limit.\n* Quota exceeded for metric: generativelanguage.googleapis.com/generate_content_free_tier_requests, limit: 10\nPlease retry in 3.706780489s.', 'status': 'RESOURCE_EXHAUSTED', 'details': [{'@type': 'type.googleapis.com/google.rpc.QuotaFailure', 'violations': [{'quotaMetric': 'generativelanguage.googleapis.com/generate_content_free_tier_requests', 'quotaId': 'GenerateRequestsPerMinutePerProjectPerModel-FreeTier', 'quotaDimensions': {'location': 'global', 'model': 'gemini-2.5-flash'}, 'quotaValue': '10'}]}, {'@type': 'type.googleapis.com/google.rpc.Help', 'links': [{'description': 'Learn more about Gemini API quotas', 'url': 'https://ai.google.dev/gemini-api/docs/rate-limits'}]}, {'@type': 'type.googleapis.com/google.rpc.RetryInfo', 'retryDelay': '3s'}]}}"
extracted_text\pdf\files_10500000002426582_cmpsc461_fa25_sections_003_004_programming_language_concepts__Project 1 Instructions.pdf.txt,,.txt,0,api-error,"429 RESOURCE_EXHAUSTED. {'error': {'code': 429, 'message': 'You exceeded your current quota, please check your plan and billing details. For more information on this error, head to: https://ai.google.dev/gemini-api/docs/rate-limits. To monitor your current usage, head to: https://ai.dev/usage?tab=rate-limit.\n* Quota exceeded for metric: generativelanguage.googleapis.com/generate_content_free_tier_requests, limit: 10\nPlease retry in 3.094942059s.', 'status': 'RESOURCE_EXHAUSTED', 'details': [{'@type': 'type.googleapis.com/google.rpc.QuotaFailure', 'violations': [{'quotaMetric': 'generativelanguage.googleapis.com/generate_content_free_tier_requests', 'quotaId': 'GenerateRequestsPerMinutePerProjectPerModel-FreeTier', 'quotaDimensions': {'model': 'gemini-2.5-flash', 'location': 'global'}, 'quotaValue': '10'}]}, {'@type': 'type.googleapis.com/google.rpc.Help', 'links': [{'description': 'Learn more about Gemini API quotas', 'url': 'https://ai.google.dev/gemini-api/docs/rate-limits'}]}, {'@type': 'type.googleapis.com/google.rpc.RetryInfo', 'retryDelay': '3s'}]}}"
extracted_text\pdf\files_10500000002426582_cmpsc461_fa25_sections_003_004_programming_language_concepts__Racket Cheat Sheet.pdf.txt,,.txt,0,api-error,"429 RESOURCE_EXHAUSTED. {'error': {'code': 429, 'message': 'You exceeded your current quota, please check your plan and billing details. For more information on this error, head to: https://ai.google.dev/gemini-api/docs/rate-limits. To monitor your current usage, head to: https://ai.dev/usage?tab=rate-limit.\n* Quota exceeded for metric: generativelanguage.googleapis.com/generate_content_free_tier_requests, limit: 10\nPlease retry in 2.484202244s.', 'status': 'RESOURCE_EXHAUSTED', 'details': [{'@type': 'type.googleapis.com/google.rpc.QuotaFailure', 'violations': [{'quotaMetric': 'generativelanguage.googleapis.com/generate_content_free_tier_requests', 'quotaId': 'GenerateRequestsPerMinutePerProjectPerModel-FreeTier', 'quotaDimensions': {'location': 'global', 'model': 'gemini-2.5-flash'}, 'quotaValue': '10'}]}, {'@type': 'type.googleapis.com/google.rpc.Help', 'links': [{'description': 'Learn more about Gemini API quotas', 'url': 'https://ai.google.dev/gemini-api/docs/rate-limits'}]}, {'@type': 'type.googleapis.com/google.rpc.RetryInfo', 'retryDelay': '2s'}]}}"
extracted_text\pdf\files_10500000002426582_cmpsc461_fa25_sections_003_004_programming_language_concepts__README - Quick Start Guide.pdf.txt,,.txt,0,api-error,"429 RESOURCE_EXHAUSTED. {'error': {'code': 429, 'message': 'You exceeded your current quota, please check your plan and billing details. For more information on this error, head to: https://ai.google.dev/gemini-api/docs/rate-limits. To monitor your current usage, head to: https://ai.dev/usage?tab=rate-limit.\n* Quota exceeded for metric: generativelanguage.googleapis.com/generate_content_free_tier_requests, limit: 10\nPlease retry in 1.881492031s.', 'status': 'RESOURCE_EXHAUSTED', 'details': [{'@type': 'type.googleapis.com/google.rpc.QuotaFailure', 'violations': [{'quotaMetric': 'generativelanguage.googleapis.com/generate_content_free_tier_requests', 'quotaId': 'GenerateRequestsPerMinutePerProjectPerModel-FreeTier', 'quotaDimensions': {'model': 'gemini-2.5-flash', 'location': 'global'}, 'quotaValue': '10'}]}, {'@type': 'type.googleapis.com/google.rpc.Help', 'links': [{'description': 'Learn more about Gemini API quotas', 'url': 'https://ai.google.dev/gemini-api/docs/rate-limits'}]}, {'@type': 'type.googleapis.com/google.rpc.RetryInfo', 'retryDelay': '1s'}]}}"
extracted_text\pdf\files_10500000002426582_cmpsc461_fa25_sections_003_004_programming_language_concepts__Recursion.pdf.txt,,.txt,0,api-error,"429 RESOURCE_EXHAUSTED. {'error': {'code': 429, 'message': 'You exceeded your current quota, please check your plan and billing details. For more information on this error, head to: https://ai.google.dev/gemini-api/docs/rate-limits. To monitor your current usage, head to: https://ai.dev/usage?tab=rate-limit.\n* Quota exceeded for metric: generativelanguage.googleapis.com/generate_content_free_tier_requests, limit: 10\nPlease retry in 1.273961505s.', 'status': 'RESOURCE_EXHAUSTED', 'details': [{'@type': 'type.googleapis.com/google.rpc.QuotaFailure', 'violations': [{'quotaMetric': 'generativelanguage.googleapis.com/generate_content_free_tier_requests', 'quotaId': 'GenerateRequestsPerMinutePerProjectPerModel-FreeTier', 'quotaDimensions': {'model': 'gemini-2.5-flash', 'location': 'global'}, 'quotaValue': '10'}]}, {'@type': 'type.googleapis.com/google.rpc.Help', 'links': [{'description': 'Learn more about Gemini API quotas', 'url': 'https://ai.google.dev/gemini-api/docs/rate-limits'}]}, {'@type': 'type.googleapis.com/google.rpc.RetryInfo', 'retryDelay': '1s'}]}}"
extracted_text\pdf\files_10500000002426582_cmpsc461_fa25_sections_003_004_programming_language_concepts__Regular-Expression-Annotated.pdf.txt,,.txt,0,api-error,"429 RESOURCE_EXHAUSTED. {'error': {'code': 429, 'message': 'You exceeded your current quota, please check your plan and billing details. For more information on this error, head to: https://ai.google.dev/gemini-api/docs/rate-limits. To monitor your current usage, head to: https://ai.dev/usage?tab=rate-limit.\n* Quota exceeded for metric: generativelanguage.googleapis.com/generate_content_free_tier_requests, limit: 10\nPlease retry in 663.628875ms.', 'status': 'RESOURCE_EXHAUSTED', 'details': [{'@type': 'type.googleapis.com/google.rpc.QuotaFailure', 'violations': [{'quotaMetric': 'generativelanguage.googleapis.com/generate_content_free_tier_requests', 'quotaId': 'GenerateRequestsPerMinutePerProjectPerModel-FreeTier', 'quotaDimensions': {'location': 'global', 'model': 'gemini-2.5-flash'}, 'quotaValue': '10'}]}, {'@type': 'type.googleapis.com/google.rpc.Help', 'links': [{'description': 'Learn more about Gemini API quotas', 'url': 'https://ai.google.dev/gemini-api/docs/rate-limits'}]}, {'@type': 'type.googleapis.com/google.rpc.RetryInfo', 'retryDelay': '0s'}]}}"
extracted_text\pdf\files_10500000002426582_cmpsc461_fa25_sections_003_004_programming_language_concepts__Regular-Expression.pdf.txt,,.txt,0,api-error,"429 RESOURCE_EXHAUSTED. {'error': {'code': 429, 'message': 'You exceeded your current quota, please check your plan and billing details. For more information on this error, head to: https://ai.google.dev/gemini-api/docs/rate-limits. To monitor your current usage, head to: https://ai.dev/usage?tab=rate-limit.\n* Quota exceeded for metric: generativelanguage.googleapis.com/generate_content_free_tier_requests, limit: 10\nPlease retry in 49.329763ms.', 'status': 'RESOURCE_EXHAUSTED', 'details': [{'@type': 'type.googleapis.com/google.rpc.QuotaFailure', 'violations': [{'quotaMetric': 'generativelanguage.googleapis.com/generate_content_free_tier_requests', 'quotaId': 'GenerateRequestsPerMinutePerProjectPerModel-FreeTier', 'quotaDimensions': {'model': 'gemini-2.5-flash', 'location': 'global'}, 'quotaValue': '10'}]}, {'@type': 'type.googleapis.com/google.rpc.Help', 'links': [{'description': 'Learn more about Gemini API quotas', 'url': 'https://ai.google.dev/gemini-api/docs/rate-limits'}]}, {'@type': 'type.googleapis.com/google.rpc.RetryInfo', 'retryDelay': '0s'}]}}"
extracted_text\pdf\files_10500000002426582_cmpsc461_fa25_sections_003_004_programming_language_concepts__Review_for_Midterm-1.pdf.txt,,.txt,0,api-error,"429 RESOURCE_EXHAUSTED. {'error': {'code': 429, 'message': 'You exceeded your current quota, please check your plan and billing details. For more information on this error, head to: https://ai.google.dev/gemini-api/docs/rate-limits. To monitor your current usage, head to: https://ai.dev/usage?tab=rate-limit.\n* Quota exceeded for metric: generativelanguage.googleapis.com/generate_content_free_tier_requests, limit: 10\nPlease retry in 59.438709843s.', 'status': 'RESOURCE_EXHAUSTED', 'details': [{'@type': 'type.googleapis.com/google.rpc.QuotaFailure', 'violations': [{'quotaMetric': 'generativelanguage.googleapis.com/generate_content_free_tier_requests', 'quotaId': 'GenerateRequestsPerMinutePerProjectPerModel-FreeTier', 'quotaDimensions': {'location': 'global', 'model': 'gemini-2.5-flash'}, 'quotaValue': '10'}]}, {'@type': 'type.googleapis.com/google.rpc.Help', 'links': [{'description': 'Learn more about Gemini API quotas', 'url': 'https://ai.google.dev/gemini-api/docs/rate-limits'}]}, {'@type': 'type.googleapis.com/google.rpc.RetryInfo', 'retryDelay': '59s'}]}}"
extracted_text\pdf\files_10500000002426582_cmpsc461_fa25_sections_003_004_programming_language_concepts__Simply-Typed-Lambda-Calculus (Excercise).pdf.txt,,.txt,0,api-error,"429 RESOURCE_EXHAUSTED. {'error': {'code': 429, 'message': 'You exceeded your current quota, please check your plan and billing details. For more information on this error, head to: https://ai.google.dev/gemini-api/docs/rate-limits. To monitor your current usage, head to: https://ai.dev/usage?tab=rate-limit.\n* Quota exceeded for metric: generativelanguage.googleapis.com/generate_content_free_tier_requests, limit: 10\nPlease retry in 58.827546825s.', 'status': 'RESOURCE_EXHAUSTED', 'details': [{'@type': 'type.googleapis.com/google.rpc.QuotaFailure', 'violations': [{'quotaMetric': 'generativelanguage.googleapis.com/generate_content_free_tier_requests', 'quotaId': 'GenerateRequestsPerMinutePerProjectPerModel-FreeTier', 'quotaDimensions': {'location': 'global', 'model': 'gemini-2.5-flash'}, 'quotaValue': '10'}]}, {'@type': 'type.googleapis.com/google.rpc.Help', 'links': [{'description': 'Learn more about Gemini API quotas', 'url': 'https://ai.google.dev/gemini-api/docs/rate-limits'}]}, {'@type': 'type.googleapis.com/google.rpc.RetryInfo', 'retryDelay': '58s'}]}}"
extracted_text\pdf\files_10500000002426582_cmpsc461_fa25_sections_003_004_programming_language_concepts__Top-Down-Parsing-Annotated.pdf.txt,,.txt,0,api-error,"429 RESOURCE_EXHAUSTED. {'error': {'code': 429, 'message': 'You exceeded your current quota, please check your plan and billing details. For more information on this error, head to: https://ai.google.dev/gemini-api/docs/rate-limits. To monitor your current usage, head to: https://ai.dev/usage?tab=rate-limit.\n* Quota exceeded for metric: generativelanguage.googleapis.com/generate_content_free_tier_requests, limit: 10\nPlease retry in 58.217030032s.', 'status': 'RESOURCE_EXHAUSTED', 'details': [{'@type': 'type.googleapis.com/google.rpc.QuotaFailure', 'violations': [{'quotaMetric': 'generativelanguage.googleapis.com/generate_content_free_tier_requests', 'quotaId': 'GenerateRequestsPerMinutePerProjectPerModel-FreeTier', 'quotaDimensions': {'location': 'global', 'model': 'gemini-2.5-flash'}, 'quotaValue': '10'}]}, {'@type': 'type.googleapis.com/google.rpc.Help', 'links': [{'description': 'Learn more about Gemini API quotas', 'url': 'https://ai.google.dev/gemini-api/docs/rate-limits'}]}, {'@type': 'type.googleapis.com/google.rpc.RetryInfo', 'retryDelay': '58s'}]}}"
extracted_text\pdf\files_10500000002426582_cmpsc461_fa25_sections_003_004_programming_language_concepts__Top-Down-Parsing.pdf.txt,,.txt,0,api-error,"429 RESOURCE_EXHAUSTED. {'error': {'code': 429, 'message': 'You exceeded your current quota, please check your plan and billing details. For more information on this error, head to: https://ai.google.dev/gemini-api/docs/rate-limits. To monitor your current usage, head to: https://ai.dev/usage?tab=rate-limit.\n* Quota exceeded for metric: generativelanguage.googleapis.com/generate_content_free_tier_requests, limit: 10\nPlease retry in 57.596088214s.', 'status': 'RESOURCE_EXHAUSTED', 'details': [{'@type': 'type.googleapis.com/google.rpc.QuotaFailure', 'violations': [{'quotaMetric': 'generativelanguage.googleapis.com/generate_content_free_tier_requests', 'quotaId': 'GenerateRequestsPerMinutePerProjectPerModel-FreeTier', 'quotaDimensions': {'location': 'global', 'model': 'gemini-2.5-flash'}, 'quotaValue': '10'}]}, {'@type': 'type.googleapis.com/google.rpc.Help', 'links': [{'description': 'Learn more about Gemini API quotas', 'url': 'https://ai.google.dev/gemini-api/docs/rate-limits'}]}, {'@type': 'type.googleapis.com/google.rpc.RetryInfo', 'retryDelay': '57s'}]}}"
extracted_text\pdf\files_10500000002426582_cmpsc461_fa25_sections_003_004_programming_language_concepts__Type Inference.pdf.txt,,.txt,0,api-error,"429 RESOURCE_EXHAUSTED. {'error': {'code': 429, 'message': 'You exceeded your current quota, please check your plan and billing details. For more information on this error, head to: https://ai.google.dev/gemini-api/docs/rate-limits. To monitor your current usage, head to: https://ai.dev/usage?tab=rate-limit.\n* Quota exceeded for metric: generativelanguage.googleapis.com/generate_content_free_tier_requests, limit: 10\nPlease retry in 56.991188228s.', 'status': 'RESOURCE_EXHAUSTED', 'details': [{'@type': 'type.googleapis.com/google.rpc.QuotaFailure', 'violations': [{'quotaMetric': 'generativelanguage.googleapis.com/generate_content_free_tier_requests', 'quotaId': 'GenerateRequestsPerMinutePerProjectPerModel-FreeTier', 'quotaDimensions': {'location': 'global', 'model': 'gemini-2.5-flash'}, 'quotaValue': '10'}]}, {'@type': 'type.googleapis.com/google.rpc.Help', 'links': [{'description': 'Learn more about Gemini API quotas', 'url': 'https://ai.google.dev/gemini-api/docs/rate-limits'}]}, {'@type': 'type.googleapis.com/google.rpc.RetryInfo', 'retryDelay': '56s'}]}}"
extracted_text\pdf\files_10500000002426582_cmpsc461_fa25_sections_003_004_programming_language_concepts__Type System.pdf.txt,,.txt,0,api-error,"429 RESOURCE_EXHAUSTED. {'error': {'code': 429, 'message': 'You exceeded your current quota, please check your plan and billing details. For more information on this error, head to: https://ai.google.dev/gemini-api/docs/rate-limits. To monitor your current usage, head to: https://ai.dev/usage?tab=rate-limit.\n* Quota exceeded for metric: generativelanguage.googleapis.com/generate_content_free_tier_requests, limit: 10\nPlease retry in 56.384625287s.', 'status': 'RESOURCE_EXHAUSTED', 'details': [{'@type': 'type.googleapis.com/google.rpc.QuotaFailure', 'violations': [{'quotaMetric': 'generativelanguage.googleapis.com/generate_content_free_tier_requests', 'quotaId': 'GenerateRequestsPerMinutePerProjectPerModel-FreeTier', 'quotaDimensions': {'model': 'gemini-2.5-flash', 'location': 'global'}, 'quotaValue': '10'}]}, {'@type': 'type.googleapis.com/google.rpc.Help', 'links': [{'description': 'Learn more about Gemini API quotas', 'url': 'https://ai.google.dev/gemini-api/docs/rate-limits'}]}, {'@type': 'type.googleapis.com/google.rpc.RetryInfo', 'retryDelay': '56s'}]}}"
extracted_text\pdf\files_10500000002426582_cmpsc461_fa25_sections_003_004_programming_language_concepts__Type-System-notes.pdf.txt,,.txt,0,api-error,"429 RESOURCE_EXHAUSTED. {'error': {'code': 429, 'message': 'You exceeded your current quota, please check your plan and billing details. For more information on this error, head to: https://ai.google.dev/gemini-api/docs/rate-limits. To monitor your current usage, head to: https://ai.dev/usage?tab=rate-limit.\n* Quota exceeded for metric: generativelanguage.googleapis.com/generate_content_free_tier_requests, limit: 10\nPlease retry in 55.770493137s.', 'status': 'RESOURCE_EXHAUSTED', 'details': [{'@type': 'type.googleapis.com/google.rpc.QuotaFailure', 'violations': [{'quotaMetric': 'generativelanguage.googleapis.com/generate_content_free_tier_requests', 'quotaId': 'GenerateRequestsPerMinutePerProjectPerModel-FreeTier', 'quotaDimensions': {'location': 'global', 'model': 'gemini-2.5-flash'}, 'quotaValue': '10'}]}, {'@type': 'type.googleapis.com/google.rpc.Help', 'links': [{'description': 'Learn more about Gemini API quotas', 'url': 'https://ai.google.dev/gemini-api/docs/rate-limits'}]}, {'@type': 'type.googleapis.com/google.rpc.RetryInfo', 'retryDelay': '55s'}]}}"
extracted_text\pdf\files_10500000002426582_cmpsc461_fa25_sections_003_004_programming_language_concepts__Types.pdf.txt,,.txt,0,api-error,"429 RESOURCE_EXHAUSTED. {'error': {'code': 429, 'message': 'You exceeded your current quota, please check your plan and billing details. For more information on this error, head to: https://ai.google.dev/gemini-api/docs/rate-limits. To monitor your current usage, head to: https://ai.dev/usage?tab=rate-limit.\n* Quota exceeded for metric: generativelanguage.googleapis.com/generate_content_free_tier_requests, limit: 10\nPlease retry in 55.162895288s.', 'status': 'RESOURCE_EXHAUSTED', 'details': [{'@type': 'type.googleapis.com/google.rpc.QuotaFailure', 'violations': [{'quotaMetric': 'generativelanguage.googleapis.com/generate_content_free_tier_requests', 'quotaId': 'GenerateRequestsPerMinutePerProjectPerModel-FreeTier', 'quotaDimensions': {'model': 'gemini-2.5-flash', 'location': 'global'}, 'quotaValue': '10'}]}, {'@type': 'type.googleapis.com/google.rpc.Help', 'links': [{'description': 'Learn more about Gemini API quotas', 'url': 'https://ai.google.dev/gemini-api/docs/rate-limits'}]}, {'@type': 'type.googleapis.com/google.rpc.RetryInfo', 'retryDelay': '55s'}]}}"
extracted_text\pdf\files_10500000002426582_cmpsc461_fa25_sections_003_004_programming_language_concepts__Untyped Lambda Calculus.pdf.txt,,.txt,0,api-error,"429 RESOURCE_EXHAUSTED. {'error': {'code': 429, 'message': 'You exceeded your current quota, please check your plan and billing details. For more information on this error, head to: https://ai.google.dev/gemini-api/docs/rate-limits. To monitor your current usage, head to: https://ai.dev/usage?tab=rate-limit.\n* Quota exceeded for metric: generativelanguage.googleapis.com/generate_content_free_tier_requests, limit: 10\nPlease retry in 54.534134233s.', 'status': 'RESOURCE_EXHAUSTED', 'details': [{'@type': 'type.googleapis.com/google.rpc.QuotaFailure', 'violations': [{'quotaMetric': 'generativelanguage.googleapis.com/generate_content_free_tier_requests', 'quotaId': 'GenerateRequestsPerMinutePerProjectPerModel-FreeTier', 'quotaDimensions': {'location': 'global', 'model': 'gemini-2.5-flash'}, 'quotaValue': '10'}]}, {'@type': 'type.googleapis.com/google.rpc.Help', 'links': [{'description': 'Learn more about Gemini API quotas', 'url': 'https://ai.google.dev/gemini-api/docs/rate-limits'}]}, {'@type': 'type.googleapis.com/google.rpc.RetryInfo', 'retryDelay': '54s'}]}}"
extracted_text\pdf\files_10500000002426582_cmpsc461_fa25_sections_003_004_programming_language_concepts__WHY CMPSC-461.pdf.txt,,.txt,0,api-error,"429 RESOURCE_EXHAUSTED. {'error': {'code': 429, 'message': 'You exceeded your current quota, please check your plan and billing details. For more information on this error, head to: https://ai.google.dev/gemini-api/docs/rate-limits. To monitor your current usage, head to: https://ai.dev/usage?tab=rate-limit.\n* Quota exceeded for metric: generativelanguage.googleapis.com/generate_content_free_tier_requests, limit: 10\nPlease retry in 53.910934583s.', 'status': 'RESOURCE_EXHAUSTED', 'details': [{'@type': 'type.googleapis.com/google.rpc.QuotaFailure', 'violations': [{'quotaMetric': 'generativelanguage.googleapis.com/generate_content_free_tier_requests', 'quotaId': 'GenerateRequestsPerMinutePerProjectPerModel-FreeTier', 'quotaDimensions': {'model': 'gemini-2.5-flash', 'location': 'global'}, 'quotaValue': '10'}]}, {'@type': 'type.googleapis.com/google.rpc.Help', 'links': [{'description': 'Learn more about Gemini API quotas', 'url': 'https://ai.google.dev/gemini-api/docs/rate-limits'}]}, {'@type': 'type.googleapis.com/google.rpc.RetryInfo', 'retryDelay': '53s'}]}}"
extracted_text\pptx\files_10500000002379441_cmpsc221_spring_2025_sec_1_and_2__Basic_GUIs.pptx.txt,,.txt,0,api-error,"429 RESOURCE_EXHAUSTED. {'error': {'code': 429, 'message': 'You exceeded your current quota, please check your plan and billing details. For more information on this error, head to: https://ai.google.dev/gemini-api/docs/rate-limits. To monitor your current usage, head to: https://ai.dev/usage?tab=rate-limit.\n* Quota exceeded for metric: generativelanguage.googleapis.com/generate_content_free_tier_requests, limit: 10\nPlease retry in 53.308151445s.', 'status': 'RESOURCE_EXHAUSTED', 'details': [{'@type': 'type.googleapis.com/google.rpc.QuotaFailure', 'violations': [{'quotaMetric': 'generativelanguage.googleapis.com/generate_content_free_tier_requests', 'quotaId': 'GenerateRequestsPerMinutePerProjectPerModel-FreeTier', 'quotaDimensions': {'location': 'global', 'model': 'gemini-2.5-flash'}, 'quotaValue': '10'}]}, {'@type': 'type.googleapis.com/google.rpc.Help', 'links': [{'description': 'Learn more about Gemini API quotas', 'url': 'https://ai.google.dev/gemini-api/docs/rate-limits'}]}, {'@type': 'type.googleapis.com/google.rpc.RetryInfo', 'retryDelay': '53s'}]}}"
extracted_text\pptx\files_10500000002379441_cmpsc221_spring_2025_sec_1_and_2__C___to_Java_Comparison.pptx.txt,,.txt,0,api-error,"429 RESOURCE_EXHAUSTED. {'error': {'code': 429, 'message': 'You exceeded your current quota, please check your plan and billing details. For more information on this error, head to: https://ai.google.dev/gemini-api/docs/rate-limits. To monitor your current usage, head to: https://ai.dev/usage?tab=rate-limit.\n* Quota exceeded for metric: generativelanguage.googleapis.com/generate_content_free_tier_requests, limit: 10\nPlease retry in 52.695469981s.', 'status': 'RESOURCE_EXHAUSTED', 'details': [{'@type': 'type.googleapis.com/google.rpc.QuotaFailure', 'violations': [{'quotaMetric': 'generativelanguage.googleapis.com/generate_content_free_tier_requests', 'quotaId': 'GenerateRequestsPerMinutePerProjectPerModel-FreeTier', 'quotaDimensions': {'location': 'global', 'model': 'gemini-2.5-flash'}, 'quotaValue': '10'}]}, {'@type': 'type.googleapis.com/google.rpc.Help', 'links': [{'description': 'Learn more about Gemini API quotas', 'url': 'https://ai.google.dev/gemini-api/docs/rate-limits'}]}, {'@type': 'type.googleapis.com/google.rpc.RetryInfo', 'retryDelay': '52s'}]}}"
extracted_text\pptx\files_10500000002379441_cmpsc221_spring_2025_sec_1_and_2__JHTP11_01.pptx.txt,,.txt,0,api-error,"429 RESOURCE_EXHAUSTED. {'error': {'code': 429, 'message': 'You exceeded your current quota, please check your plan and billing details. For more information on this error, head to: https://ai.google.dev/gemini-api/docs/rate-limits. To monitor your current usage, head to: https://ai.dev/usage?tab=rate-limit.\n* Quota exceeded for metric: generativelanguage.googleapis.com/generate_content_free_tier_requests, limit: 10\nPlease retry in 52.072501143s.', 'status': 'RESOURCE_EXHAUSTED', 'details': [{'@type': 'type.googleapis.com/google.rpc.QuotaFailure', 'violations': [{'quotaMetric': 'generativelanguage.googleapis.com/generate_content_free_tier_requests', 'quotaId': 'GenerateRequestsPerMinutePerProjectPerModel-FreeTier', 'quotaDimensions': {'model': 'gemini-2.5-flash', 'location': 'global'}, 'quotaValue': '10'}]}, {'@type': 'type.googleapis.com/google.rpc.Help', 'links': [{'description': 'Learn more about Gemini API quotas', 'url': 'https://ai.google.dev/gemini-api/docs/rate-limits'}]}, {'@type': 'type.googleapis.com/google.rpc.RetryInfo', 'retryDelay': '52s'}]}}"
extracted_text\pptx\files_10500000002379441_cmpsc221_spring_2025_sec_1_and_2__JHTP11_02.pptx.txt,,.txt,0,api-error,"429 RESOURCE_EXHAUSTED. {'error': {'code': 429, 'message': 'You exceeded your current quota, please check your plan and billing details. For more information on this error, head to: https://ai.google.dev/gemini-api/docs/rate-limits. To monitor your current usage, head to: https://ai.dev/usage?tab=rate-limit.\n* Quota exceeded for metric: generativelanguage.googleapis.com/generate_content_free_tier_requests, limit: 10\nPlease retry in 51.448828954s.', 'status': 'RESOURCE_EXHAUSTED', 'details': [{'@type': 'type.googleapis.com/google.rpc.QuotaFailure', 'violations': [{'quotaMetric': 'generativelanguage.googleapis.com/generate_content_free_tier_requests', 'quotaId': 'GenerateRequestsPerMinutePerProjectPerModel-FreeTier', 'quotaDimensions': {'model': 'gemini-2.5-flash', 'location': 'global'}, 'quotaValue': '10'}]}, {'@type': 'type.googleapis.com/google.rpc.Help', 'links': [{'description': 'Learn more about Gemini API quotas', 'url': 'https://ai.google.dev/gemini-api/docs/rate-limits'}]}, {'@type': 'type.googleapis.com/google.rpc.RetryInfo', 'retryDelay': '51s'}]}}"
extracted_text\pptx\files_10500000002379441_cmpsc221_spring_2025_sec_1_and_2__JHTP11_03.pptx.txt,,.txt,0,api-error,"429 RESOURCE_EXHAUSTED. {'error': {'code': 429, 'message': 'You exceeded your current quota, please check your plan and billing details. For more information on this error, head to: https://ai.google.dev/gemini-api/docs/rate-limits. To monitor your current usage, head to: https://ai.dev/usage?tab=rate-limit.\n* Quota exceeded for metric: generativelanguage.googleapis.com/generate_content_free_tier_requests, limit: 10\nPlease retry in 50.833406095s.', 'status': 'RESOURCE_EXHAUSTED', 'details': [{'@type': 'type.googleapis.com/google.rpc.QuotaFailure', 'violations': [{'quotaMetric': 'generativelanguage.googleapis.com/generate_content_free_tier_requests', 'quotaId': 'GenerateRequestsPerMinutePerProjectPerModel-FreeTier', 'quotaDimensions': {'location': 'global', 'model': 'gemini-2.5-flash'}, 'quotaValue': '10'}]}, {'@type': 'type.googleapis.com/google.rpc.Help', 'links': [{'description': 'Learn more about Gemini API quotas', 'url': 'https://ai.google.dev/gemini-api/docs/rate-limits'}]}, {'@type': 'type.googleapis.com/google.rpc.RetryInfo', 'retryDelay': '50s'}]}}"
extracted_text\pptx\files_10500000002379441_cmpsc221_spring_2025_sec_1_and_2__JHTP11_04.pptx.txt,,.txt,0,api-error,"429 RESOURCE_EXHAUSTED. {'error': {'code': 429, 'message': 'You exceeded your current quota, please check your plan and billing details. For more information on this error, head to: https://ai.google.dev/gemini-api/docs/rate-limits. To monitor your current usage, head to: https://ai.dev/usage?tab=rate-limit.\n* Quota exceeded for metric: generativelanguage.googleapis.com/generate_content_free_tier_requests, limit: 10\nPlease retry in 50.225158501s.', 'status': 'RESOURCE_EXHAUSTED', 'details': [{'@type': 'type.googleapis.com/google.rpc.QuotaFailure', 'violations': [{'quotaMetric': 'generativelanguage.googleapis.com/generate_content_free_tier_requests', 'quotaId': 'GenerateRequestsPerMinutePerProjectPerModel-FreeTier', 'quotaDimensions': {'location': 'global', 'model': 'gemini-2.5-flash'}, 'quotaValue': '10'}]}, {'@type': 'type.googleapis.com/google.rpc.Help', 'links': [{'description': 'Learn more about Gemini API quotas', 'url': 'https://ai.google.dev/gemini-api/docs/rate-limits'}]}, {'@type': 'type.googleapis.com/google.rpc.RetryInfo', 'retryDelay': '50s'}]}}"
extracted_text\pptx\files_10500000002379441_cmpsc221_spring_2025_sec_1_and_2__JHTP11_05.pptx.txt,,.txt,0,api-error,"429 RESOURCE_EXHAUSTED. {'error': {'code': 429, 'message': 'You exceeded your current quota, please check your plan and billing details. For more information on this error, head to: https://ai.google.dev/gemini-api/docs/rate-limits. To monitor your current usage, head to: https://ai.dev/usage?tab=rate-limit.\n* Quota exceeded for metric: generativelanguage.googleapis.com/generate_content_free_tier_requests, limit: 10\nPlease retry in 49.610566914s.', 'status': 'RESOURCE_EXHAUSTED', 'details': [{'@type': 'type.googleapis.com/google.rpc.QuotaFailure', 'violations': [{'quotaMetric': 'generativelanguage.googleapis.com/generate_content_free_tier_requests', 'quotaId': 'GenerateRequestsPerMinutePerProjectPerModel-FreeTier', 'quotaDimensions': {'location': 'global', 'model': 'gemini-2.5-flash'}, 'quotaValue': '10'}]}, {'@type': 'type.googleapis.com/google.rpc.Help', 'links': [{'description': 'Learn more about Gemini API quotas', 'url': 'https://ai.google.dev/gemini-api/docs/rate-limits'}]}, {'@type': 'type.googleapis.com/google.rpc.RetryInfo', 'retryDelay': '49s'}]}}"
extracted_text\pptx\files_10500000002379441_cmpsc221_spring_2025_sec_1_and_2__JHTP11_06.pptx.txt,,.txt,0,api-error,"429 RESOURCE_EXHAUSTED. {'error': {'code': 429, 'message': 'You exceeded your current quota, please check your plan and billing details. For more information on this error, head to: https://ai.google.dev/gemini-api/docs/rate-limits. To monitor your current usage, head to: https://ai.dev/usage?tab=rate-limit.\n* Quota exceeded for metric: generativelanguage.googleapis.com/generate_content_free_tier_requests, limit: 10\nPlease retry in 49.00082659s.', 'status': 'RESOURCE_EXHAUSTED', 'details': [{'@type': 'type.googleapis.com/google.rpc.QuotaFailure', 'violations': [{'quotaMetric': 'generativelanguage.googleapis.com/generate_content_free_tier_requests', 'quotaId': 'GenerateRequestsPerMinutePerProjectPerModel-FreeTier', 'quotaDimensions': {'location': 'global', 'model': 'gemini-2.5-flash'}, 'quotaValue': '10'}]}, {'@type': 'type.googleapis.com/google.rpc.Help', 'links': [{'description': 'Learn more about Gemini API quotas', 'url': 'https://ai.google.dev/gemini-api/docs/rate-limits'}]}, {'@type': 'type.googleapis.com/google.rpc.RetryInfo', 'retryDelay': '49s'}]}}"
extracted_text\pptx\files_10500000002379441_cmpsc221_spring_2025_sec_1_and_2__JHTP11_07-4.pptx.txt,extracted_text\pptx\files_10500000002379441_cmpsc221_spring_2025_sec_1_and_2__JHTP11_07-4.pptx.txt.summary.txt,.txt,322,ok,
extracted_text\pptx\files_10500000002379441_cmpsc221_spring_2025_sec_1_and_2__JHTP11_08.pptx.txt,extracted_text\pptx\files_10500000002379441_cmpsc221_spring_2025_sec_1_and_2__JHTP11_08.pptx.txt.summary.txt,.txt,346,ok,
extracted_text\pptx\files_10500000002379441_cmpsc221_spring_2025_sec_1_and_2__JHTP11_09.pptx.txt,extracted_text\pptx\files_10500000002379441_cmpsc221_spring_2025_sec_1_and_2__JHTP11_09.pptx.txt.summary.txt,.txt,422,ok,
extracted_text\pptx\files_10500000002379441_cmpsc221_spring_2025_sec_1_and_2__JHTP11_10.pptx.txt,extracted_text\pptx\files_10500000002379441_cmpsc221_spring_2025_sec_1_and_2__JHTP11_10.pptx.txt.summary.txt,.txt,321,ok,
extracted_text\pptx\files_10500000002379441_cmpsc221_spring_2025_sec_1_and_2__JHTP11_11.pptx.txt,extracted_text\pptx\files_10500000002379441_cmpsc221_spring_2025_sec_1_and_2__JHTP11_11.pptx.txt.summary.txt,.txt,405,ok,
extracted_text\pptx\files_10500000002379441_cmpsc221_spring_2025_sec_1_and_2__JHTP11_12.pptx.txt,extracted_text\pptx\files_10500000002379441_cmpsc221_spring_2025_sec_1_and_2__JHTP11_12.pptx.txt.summary.txt,.txt,219,ok,
extracted_text\pptx\files_10500000002379441_cmpsc221_spring_2025_sec_1_and_2__JHTP11_13.pptx.txt,extracted_text\pptx\files_10500000002379441_cmpsc221_spring_2025_sec_1_and_2__JHTP11_13.pptx.txt.summary.txt,.txt,222,ok,
extracted_text\pptx\files_10500000002379441_cmpsc221_spring_2025_sec_1_and_2__JHTP11_14.pptx.txt,extracted_text\pptx\files_10500000002379441_cmpsc221_spring_2025_sec_1_and_2__JHTP11_14.pptx.txt.summary.txt,.txt,189,ok,
extracted_text\pptx\files_10500000002379441_cmpsc221_spring_2025_sec_1_and_2__JHTP11_15.pptx.txt,extracted_text\pptx\files_10500000002379441_cmpsc221_spring_2025_sec_1_and_2__JHTP11_15.pptx.txt.summary.txt,.txt,214,ok,
extracted_text\pptx\files_10500000002379441_cmpsc221_spring_2025_sec_1_and_2__JHTP11_16-1.pptx.txt,extracted_text\pptx\files_10500000002379441_cmpsc221_spring_2025_sec_1_and_2__JHTP11_16-1.pptx.txt.summary.txt,.txt,490,ok,
extracted_text\pptx\files_10500000002379441_cmpsc221_spring_2025_sec_1_and_2__JHTP11_16.pptx.txt,extracted_text\pptx\files_10500000002379441_cmpsc221_spring_2025_sec_1_and_2__JHTP11_16.pptx.txt.summary.txt,.txt,198,ok,
extracted_text\pptx\files_10500000002379441_cmpsc221_spring_2025_sec_1_and_2__JHTP11_17.pptx.txt,extracted_text\pptx\files_10500000002379441_cmpsc221_spring_2025_sec_1_and_2__JHTP11_17.pptx.txt.summary.txt,.txt,293,ok,
extracted_text\pptx\files_10500000002379441_cmpsc221_spring_2025_sec_1_and_2__JHTP11_18.pptx.txt,extracted_text\pptx\files_10500000002379441_cmpsc221_spring_2025_sec_1_and_2__JHTP11_18.pptx.txt.summary.txt,.txt,205,ok,
extracted_text\pptx\files_10500000002379441_cmpsc221_spring_2025_sec_1_and_2__JHTP11_19.pptx.txt,extracted_text\pptx\files_10500000002379441_cmpsc221_spring_2025_sec_1_and_2__JHTP11_19.pptx.txt.summary.txt,.txt,193,ok,
extracted_text\pptx\files_10500000002379441_cmpsc221_spring_2025_sec_1_and_2__JHTP11_20.pptx.txt,extracted_text\pptx\files_10500000002379441_cmpsc221_spring_2025_sec_1_and_2__JHTP11_20.pptx.txt.summary.txt,.txt,210,ok,
extracted_text\pptx\files_10500000002379441_cmpsc221_spring_2025_sec_1_and_2__JHTP11_21.pptx.txt,extracted_text\pptx\files_10500000002379441_cmpsc221_spring_2025_sec_1_and_2__JHTP11_21.pptx.txt.summary.txt,.txt,237,ok,
extracted_text\pptx\files_10500000002379441_cmpsc221_spring_2025_sec_1_and_2__JHTP11_22.pptx.txt,extracted_text\pptx\files_10500000002379441_cmpsc221_spring_2025_sec_1_and_2__JHTP11_22.pptx.txt.summary.txt,.txt,203,ok,
extracted_text\pptx\files_10500000002379441_cmpsc221_spring_2025_sec_1_and_2__JHTP11_23.pptx.txt,extracted_text\pptx\files_10500000002379441_cmpsc221_spring_2025_sec_1_and_2__JHTP11_23.pptx.txt.summary.txt,.txt,205,ok,
extracted_text\pptx\files_10500000002379441_cmpsc221_spring_2025_sec_1_and_2__JHTP11_24-1.pptx.txt,extracted_text\pptx\files_10500000002379441_cmpsc221_spring_2025_sec_1_and_2__JHTP11_24-1.pptx.txt.summary.txt,.txt,368,ok,
extracted_text\pptx\files_10500000002379441_cmpsc221_spring_2025_sec_1_and_2__JHTP11_24.pptx.txt,extracted_text\pptx\files_10500000002379441_cmpsc221_spring_2025_sec_1_and_2__JHTP11_24.pptx.txt.summary.txt,.txt,184,ok,
extracted_text\pptx\files_10500000002379441_cmpsc221_spring_2025_sec_1_and_2__Python_C++_to_Java_Comparison.pptx.txt,extracted_text\pptx\files_10500000002379441_cmpsc221_spring_2025_sec_1_and_2__Python_C++_to_Java_Comparison.pptx.txt.summary.txt,.txt,409,ok,
extracted_text\pptx\files_10500000002412508_cmpen_ee_362_fall_2025__Chapter_1-3_review.pptx.txt,extracted_text\pptx\files_10500000002412508_cmpen_ee_362_fall_2025__Chapter_1-3_review.pptx.txt.summary.txt,.txt,358,ok,
extracted_text\pptx\files_10500000002412508_cmpen_ee_362_fall_2025__Chapter_1-6_review.pptx.txt,extracted_text\pptx\files_10500000002412508_cmpen_ee_362_fall_2025__Chapter_1-6_review.pptx.txt.summary.txt,.txt,335,ok,
extracted_text\pptx\files_10500000002412508_cmpen_ee_362_fall_2025__Chapter_1_V7.01.pptx.txt,extracted_text\pptx\files_10500000002412508_cmpen_ee_362_fall_2025__Chapter_1_V7.01.pptx.txt.summary.txt,.txt,335,ok,
extracted_text\pptx\files_10500000002412508_cmpen_ee_362_fall_2025__Chapter_2_V7.01.pptx.txt,extracted_text\pptx\files_10500000002412508_cmpen_ee_362_fall_2025__Chapter_2_V7.01.pptx.txt.summary.txt,.txt,363,ok,
extracted_text\pptx\files_10500000002412508_cmpen_ee_362_fall_2025__Chapter_3_V7.01.pptx.txt,extracted_text\pptx\files_10500000002412508_cmpen_ee_362_fall_2025__Chapter_3_V7.01.pptx.txt.summary.txt,.txt,453,ok,
extracted_text\pptx\files_10500000002412508_cmpen_ee_362_fall_2025__Chapter_4_V7.01.pptx.txt,extracted_text\pptx\files_10500000002412508_cmpen_ee_362_fall_2025__Chapter_4_V7.01.pptx.txt.summary.txt,.txt,292,ok,
extracted_text\pptx\files_10500000002412508_cmpen_ee_362_fall_2025__Chapter_5_V7.01.pptx.txt,extracted_text\pptx\files_10500000002412508_cmpen_ee_362_fall_2025__Chapter_5_V7.01.pptx.txt.summary.txt,.txt,246,ok,
extracted_text\pptx\files_10500000002412508_cmpen_ee_362_fall_2025__Chapter_6_V7.01.pptx.txt,extracted_text\pptx\files_10500000002412508_cmpen_ee_362_fall_2025__Chapter_6_V7.01.pptx.txt.summary.txt,.txt,452,ok,
extracted_text\pptx\files_10500000002412508_cmpen_ee_362_fall_2025__physical layer.pptx.txt,extracted_text\pptx\files_10500000002412508_cmpen_ee_362_fall_2025__physical layer.pptx.txt.summary.txt,.txt,355,ok,
extracted_text\txt\files_10500000002426582_cmpsc461_fa25_sections_003_004_programming_language_concepts__flashcards.txt.txt,extracted_text\txt\files_10500000002426582_cmpsc461_fa25_sections_003_004_programming_language_concepts__flashcards.txt.txt.summary.txt,.txt,355,ok,
extracted_text\txt\files_10500000002426582_cmpsc461_fa25_sections_003_004_programming_language_concepts__grammar.txt.txt,extracted_text\txt\files_10500000002426582_cmpsc461_fa25_sections_003_004_programming_language_concepts__grammar.txt.txt.summary.txt,.txt,311,ok,
extracted_text\txt\files_10500000002426582_cmpsc461_fa25_sections_003_004_programming_language_concepts__mini_summaries.txt.txt,extracted_text\txt\files_10500000002426582_cmpsc461_fa25_sections_003_004_programming_language_concepts__mini_summaries.txt.txt.summary.txt,.txt,430,ok,
extracted_text\txt\files_10500000002426582_cmpsc461_fa25_sections_003_004_programming_language_concepts__scenarios.txt.txt,extracted_text\txt\files_10500000002426582_cmpsc461_fa25_sections_003_004_programming_language_concepts__scenarios.txt.txt.summary.txt,.txt,329,ok,
extracted_text\txt\files_10500000002426582_cmpsc461_fa25_sections_003_004_programming_language_concepts__tokens.txt.txt,extracted_text\txt\files_10500000002426582_cmpsc461_fa25_sections_003_004_programming_language_concepts__tokens.txt.txt.summary.txt,.txt,304,ok,
extracted_text\zip\files_10500000002379441_cmpsc221_spring_2025_sec_1_and_2__CourseSchedulerNameID.zip.txt,extracted_text\zip\files_10500000002379441_cmpsc221_spring_2025_sec_1_and_2__CourseSchedulerNameID.zip.txt.summary.txt,.txt,239,ok,
extracted_text\zip\files_10500000002379441_cmpsc221_spring_2025_sec_1_and_2__CourseSchedulerTemplate.zip.txt,extracted_text\zip\files_10500000002379441_cmpsc221_spring_2025_sec_1_and_2__CourseSchedulerTemplate.zip.txt.summary.txt,.txt,441,ok,
extracted_text\zip\files_10500000002379441_cmpsc221_spring_2025_sec_1_and_2__FunctionalProgrammingTemplate.zip.txt,extracted_text\zip\files_10500000002379441_cmpsc221_spring_2025_sec_1_and_2__FunctionalProgrammingTemplate.zip.txt.summary.txt,.txt,332,ok,
extracted_text\zip\files_10500000002379441_cmpsc221_spring_2025_sec_1_and_2__image_capture.zip.txt,extracted_text\zip\files_10500000002379441_cmpsc221_spring_2025_sec_1_and_2__image_capture.zip.txt.summary.txt,.txt,327,ok,
extracted_text\zip\files_10500000002379441_cmpsc221_spring_2025_sec_1_and_2__Java2DDrawingApplicationTemplate.zip.txt,extracted_text\zip\files_10500000002379441_cmpsc221_spring_2025_sec_1_and_2__Java2DDrawingApplicationTemplate.zip.txt.summary.txt,.txt,279,ok,
extracted_text\zip\files_10500000002426582_cmpsc461_fa25_sections_003_004_programming_language_concepts__CMPSC_461_Project1.zip.txt,extracted_text\zip\files_10500000002426582_cmpsc461_fa25_sections_003_004_programming_language_concepts__CMPSC_461_Project1.zip.txt.summary.txt,.txt,319,ok,
