id,name,due_at,created_at,updated_at,html_url,allowed_attempts,allowed_extensions,annotatable_attachment_id,anonymize_students,anonymous_grading,anonymous_instructor_annotations,anonymous_peer_reviews,anonymous_submissions,assignment_group_id,automatic_peer_reviews,can_duplicate,course_id,description,due_date_required,final_grader_id,grade_group_students_individually,graded_submissions_exist,grader_comments_visible_to_graders,grader_count,grader_names_visible_to_final_grader,graders_anonymous_to_graders,grading_standard_id,grading_type,group_category_id,has_submitted_submissions,hide_in_gradebook,important_dates,in_closed_grading_period,intra_group_peer_reviews,is_quiz_assignment,lock_at,lock_explanation,lock_info,locked_for_user,lti_context_id,max_name_length,moderated_grading,muted,omit_from_final_grade,only_visible_to_overrides,original_assignment_id,original_assignment_name,original_course_id,original_lti_resource_link_id,original_quiz_id,peer_reviews,points_possible,position,post_manually,post_to_sis,published,quiz_id,require_lockdown_browser,restrict_quantitative_data,secure_params,submission_types,submissions_download_url,suppress_assignment,unlock_at,visible_to_everyone,workflow_state
10500000016828266,Programming Assignment 1 Loan Account Class,2025-01-31T04:59:00Z,2025-01-05T07:56:46Z,2025-04-18T19:47:46Z,https://canvas.instructure.com/courses/10500000002379441/assignments/1050~16828266,-1,"[""zip""]",,False,False,False,False,,10500000004149124,False,True,10500000002379441,"<p>Loan Account Class:&nbsp;</p>
<p>Create class LoanAccount. Use a static variable annualInterestRate to store the annual interest rate for all account holders. Each object of the class contains a private instance variable principal indicating the amount the person is borrowing. Provide method: public double calculateMonthlyPayment(int numberOfPayments) to calculate the monthly payment by using the following formula:</p>
<p>double monthlyPayment = principal * ( monthlyInterest / (1 - Math.pow(1 + monthlyInterest, -numberOfPayments)));</p>
<p>where</p>
<p>monthlyInterest = annualInterestRate/12.&nbsp; Remember, annualInterestRate must be converted to a percentage before using.</p>
<p>Provide a static method setAnnualInterestRate that sets the annualInterestRate to a new value.&nbsp; Set the initial loan amount (Principal) for a new loan through the constructor.</p>
<p>Write a program to test class LoanAccount. Instantiate two LoanAccount objects, loan1 and loan2, with principal loan amounts of $5000.00 and $31000.00, respectively. Set annualInterestRate to 1%, then calculate the monthly payment for each loan for 36 months, 60 months, and 72 months and print the monthly payment amounts for both loans. Next, set the annualInterestRate to 5%, and output the same information again.&nbsp; Make sure your dollar amounts are displayed to two decimal places.</p>
<p>&nbsp;Put the code to test the class in the main method of the LoanAccount Class. The output of your program should look like the following:</p>
<p><img src=""https://canvas.instructure.com/courses/1050~2379441/files/1050~172281802/preview?verifier=BeUzYRql6RtqgMhnAzSzj32zfBWSKWTQ12kk0UXo"" alt=""Loan Account Assignment 1 Output"" data-api-endpoint=""https://canvas.instructure.com/api/v1/courses/1050~2379441/files/1050~172281802"" data-api-returntype=""File"" loading=""lazy"">&nbsp;</p>
<p><span style=""display: inline !important; float: none; background-color: #ffffff; color: #000000; cursor: text; font-family: sans-serif; font-size: 16px; font-style: normal; font-variant: normal; text-align: left; text-decoration: none; text-indent: 0px; white-space: normal;"">Zip the entire project folder and submit Programming Assignment 1 zip file.</span></p>",False,,False,True,True,0,True,False,,points,,True,False,False,False,False,False,,,,False,1fbc754f-f4f3-4eed-a345-61b564369918,255,False,False,False,False,,,,,,False,100.0,1,False,False,True,,False,False,eyJ0eXAiOiJKV1QiLCJhbGciOiJIUzI1NiJ9.eyJsdGlfYXNzaWdubWVudF9pZCI6IjFmYmM3NTRmLWY0ZjMtNGVlZC1hMzQ1LTYxYjU2NDM2OTkxOCIsImx0aV9hc3NpZ25tZW50X2Rlc2NyaXB0aW9uIjoiXHUwMDNjcFx1MDAzZUxvYW4gQWNjb3VudCBDbGFzczpcdTAwMjZuYnNwO1x1MDAzYy9wXHUwMDNlXG5cdTAwM2NwXHUwMDNlQ3JlYXRlIGNsYXNzIExvYW5BY2NvdW50LiBVc2UgYSBzdGF0aWMgdmFyaWFibGUgYW5udWFsSW50ZXJlc3RSYXRlIHRvIHN0b3JlIHRoZSBhbm51YWwgaW50ZXJlc3QgcmF0ZSBmb3IgYWxsIGFjY291bnQgaG9sZGVycy4gRWFjaCBvYmplY3Qgb2YgdGhlIGNsYXNzIGNvbnRhaW5zIGEgcHJpdmF0ZSBpbnN0YW5jZSB2YXJpYWJsZSBwcmluY2lwYWwgaW5kaWNhdGluZyB0aGUgYW1vdW50IHRoZSBwZXJzb24gaXMgYm9ycm93aW5nLiBQcm92aWRlIG1ldGhvZDogcHVibGljIGRvdWJsZSBjYWxjdWxhdGVNb250aGx5UGF5bWVudChpbnQgbnVtYmVyT2ZQYXltZW50cykgdG8gY2FsY3VsYXRlIHRoZSBtb250aGx5IHBheW1lbnQgYnkgdXNpbmcgdGhlIGZvbGxvd2luZyBmb3JtdWxhOlx1MDAzYy9wXHUwMDNlXG5cdTAwM2NwXHUwMDNlZG91YmxlIG1vbnRobHlQYXltZW50ID0gcHJpbmNpcGFsICogKCBtb250aGx5SW50ZXJlc3QgLyAoMSAtIE1hdGgucG93KDEgKyBtb250aGx5SW50ZXJlc3QsIC1udW1iZXJPZlBheW1lbnRzKSkpO1x1MDAzYy9wXHUwMDNlXG5cdTAwM2NwXHUwMDNld2hlcmVcdTAwM2MvcFx1MDAzZVxuXHUwMDNjcFx1MDAzZW1vbnRobHlJbnRlcmVzdCA9IGFubnVhbEludGVyZXN0UmF0ZS8xMi5cdTAwMjZuYnNwOyBSZW1lbWJlciwgYW5udWFsSW50ZXJlc3RSYXRlIG11c3QgYmUgY29udmVydGVkIHRvIGEgcGVyY2VudGFnZSBiZWZvcmUgdXNpbmcuXHUwMDNjL3BcdTAwM2Vcblx1MDAzY3BcdTAwM2VQcm92aWRlIGEgc3RhdGljIG1ldGhvZCBzZXRBbm51YWxJbnRlcmVzdFJhdGUgdGhhdCBzZXRzIHRoZSBhbm51YWxJbnRlcmVzdFJhdGUgdG8gYSBuZXcgdmFsdWUuXHUwMDI2bmJzcDsgU2V0IHRoZSBpbml0aWFsIGxvYW4gYW1vdW50IChQcmluY2lwYWwpIGZvciBhIG5ldyBsb2FuIHRocm91Z2ggdGhlIGNvbnN0cnVjdG9yLlx1MDAzYy9wXHUwMDNlXG5cdTAwM2NwXHUwMDNlV3JpdGUgYSBwcm9ncmFtIHRvIHRlc3QgY2xhc3MgTG9hbkFjY291bnQuIEluc3RhbnRpYXRlIHR3byBMb2FuQWNjb3VudCBvYmplY3RzLCBsb2FuMSBhbmQgbG9hbjIsIHdpdGggcHIuLi4gKHRydW5jYXRlZCkifQ.G82FKSmRuqNVyXhXehUc9rCWq_bTDB4OhDR4_ijRXLM,"[""online_upload""]",https://canvas.instructure.com/courses/1050~2379441/assignments/1050~16828266/submissions?zip=1,False,,True,published
10500000016828267,Programming Assignment 2 Loan Account Hierarchy,2025-02-07T04:59:00Z,2025-01-05T07:56:46Z,2025-02-16T20:48:34Z,https://canvas.instructure.com/courses/10500000002379441/assignments/1050~16828267,-1,"[""zip""]",,False,False,False,False,,10500000004149124,False,True,10500000002379441,"<p><strong>Assignment 2 - Loan Account Hierarchy</strong></p>
<p>In this assignment, we are going to create a Loan Account Hierarchy consisting of the following classes: LoanAccount, CarLoan, <strong>PrimaryMortgage </strong>, UnsecuredLoan, and Address. Each class should be in its own .java file.</p>
<p>The <strong>LoanAccount</strong> class consists of the following properties:</p>
<ul>
<li>principal- the original amount of the loan.</li>
<li>annualInterestRate - the annual interest rate for the loan. It is not static as each loan can have its own interest rate. Remember, the annualInterestRate must be converted into a percentage before it is used.</li>
<li>months - the number of months in the term of the loan, i.e., the length of the loan.</li>
</ul>
<p>and the following methods:</p>
<ul>
<li>a constructor that takes the three properties as parameters.</li>
<li>calculateMonthlyPayment() - takes no parameters and calculates the monthly payment using the same formula as Assignment 1.</li>
<li>getters for the three property variables.</li>
<li>toString() - displays the information about the principle, annualInterestRate, and months as shown in the example output below.</li>
</ul>
<p>&nbsp;</p>
<p>The <strong>CarLoan </strong>class which is a subclass of the LoanAccount class and consists of the following property:</p>
<ul>
<li>vehicleVIN - the VIN number of the car, as a string.</li>
</ul>
<p>and the following methods:</p>
<ul>
<li>constructor that accepts the three parameters of the LoanAccount class and the vehicleVIN.</li>
<li>toString() - displays the information about the VIN number as shown in the example output below.</li>
</ul>
<p>&nbsp;</p>
<p>The <strong>PrimaryMortgage </strong>class which is a subclass of LoanAccount and consists of the following properties:</p>
<ul>
<li>PMIMonthlyAmount - the amount of the Primary Mortgage Insurance which is required for all mortgages where the down payment is not at least 20% of the home value.</li>
<li>Address - the address of the real estate and is an object of the Address class.</li>
</ul>
<p>and the following methods:</p>
<ul>
<li>constructor that accepts the three parameters of the LoanAccount class, the PMIMonthlyAmount, and the Address object containing the address.</li>
<li>toString() - displays the information about the PMIMonthlyAmount and Address as shown in the example output below.</li>
</ul>
<p>&nbsp;</p>
<p>The <strong>UnsecuredLoan&nbsp;</strong>class which is a subclass of LoanAccount and has no additional properties and has the following methods:</p>
<ul>
<li>constructor that accepts the three parameters of the LoanAccount class.</li>
<li>toString() - displays the information that it is an Unsecured Loan as shown in the example output below.</li>
</ul>
<p>&nbsp;</p>
<p>The <strong>Address </strong>class which consists of the following properties:</p>
<ul>
<li>street - the house number and street part of the address.</li>
<li>city - the city where it is located.</li>
<li>state - the state.</li>
<li>zipcode - and the zipcode.</li>
</ul>
<p>and the following methods:</p>
<ul>
<li>constructor which accepts the values for the four properties as parameters.</li>
<li>getters for each property.</li>
<li>toString() - display the address information as shown in the example below.</li>
</ul>
<p>&nbsp;</p>
<p>Your code in the subclasses should call methods in the super classes whenever possible to reduce the amount of code in the subclasses and utilize the code already developed in the super classes.&nbsp;</p>
<p><strong>Use the following code in your main function to test your classes, just copy and paste it into your main method:</strong></p>
<div><span style=""background-color: #ffffff;"">&nbsp; &nbsp; &nbsp; &nbsp; // Create three different loan objects, one of each type.<br>&nbsp; &nbsp; &nbsp; &nbsp; CarLoan carLoan = new CarLoan(25000.00, 4.25, 72, ""IRQ3458977"");<br>&nbsp; &nbsp; &nbsp; &nbsp;&nbsp;<br>&nbsp; &nbsp; &nbsp; &nbsp; Address propertyAddress = new Address(""321 Main Street"", ""State College"", ""PA"", ""16801"");<br>&nbsp; &nbsp; &nbsp; &nbsp; PrimaryMortgage propertyLoan = new PrimaryMortgage(250000.00, 3.1, 360, 35.12, propertyAddress);<br>&nbsp; &nbsp; &nbsp; &nbsp;&nbsp;<br>&nbsp; &nbsp; &nbsp; &nbsp; UnsecuredLoan unsecuredLoan = new UnsecuredLoan(5000.00, 10.75, 48);<br>&nbsp; &nbsp; &nbsp; &nbsp;&nbsp;<br>&nbsp; &nbsp; &nbsp; &nbsp; //Print out the load information for each loan using the toString() method.<br>&nbsp; &nbsp; &nbsp; &nbsp; System.out.format(""%n%s%s%s%n"", carLoan, propertyLoan, unsecuredLoan);<br></span></div>
<p><strong>The output from your program should look like the following:</strong></p>
<div>
<p>run:</p>
<p>Car Loan with:<br>Principal: $25000.00<br>Annual Interest Rate: 4.25%<br>Term of Loan in Months: 72<br>Monthly Payment: $393.98<br>Vehicle VIN: IRQ3458977</p>
<p>Primary Mortgage Loan with:<br>Principal: $250000.00<br>Annual Interest Rate: 3.10%<br>Term of Loan in Months: 360<br>Monthly Payment: $1067.54<br>PMI Monthly Amount: $35.12<br>Property Address:&nbsp;<br>&nbsp; &nbsp; 321 Main Street<br>&nbsp; &nbsp; State College, PA 16801</p>
<p>Unsecured Loan with:<br>Principal: $5000.00<br>Annual Interest Rate: 10.75%<br>Term of Loan in Months: 48<br>Monthly Payment: $128.62</p>
</div>",False,,False,True,True,0,True,False,,points,,True,False,False,False,False,False,,,,False,22664d96-dcc2-43c6-ac40-63f8e02cfbe8,255,False,True,False,False,,,,,,False,100.0,2,False,False,True,,False,False,eyJ0eXAiOiJKV1QiLCJhbGciOiJIUzI1NiJ9.eyJsdGlfYXNzaWdubWVudF9pZCI6IjIyNjY0ZDk2LWRjYzItNDNjNi1hYzQwLTYzZjhlMDJjZmJlOCIsImx0aV9hc3NpZ25tZW50X2Rlc2NyaXB0aW9uIjoiXHUwMDNjcFx1MDAzZVx1MDAzY3N0cm9uZ1x1MDAzZUFzc2lnbm1lbnQgMiAtIExvYW4gQWNjb3VudCBIaWVyYXJjaHlcdTAwM2Mvc3Ryb25nXHUwMDNlXHUwMDNjL3BcdTAwM2Vcblx1MDAzY3BcdTAwM2VJbiB0aGlzIGFzc2lnbm1lbnQsIHdlIGFyZSBnb2luZyB0byBjcmVhdGUgYSBMb2FuIEFjY291bnQgSGllcmFyY2h5IGNvbnNpc3Rpbmcgb2YgdGhlIGZvbGxvd2luZyBjbGFzc2VzOiBMb2FuQWNjb3VudCwgQ2FyTG9hbiwgXHUwMDNjc3Ryb25nXHUwMDNlUHJpbWFyeU1vcnRnYWdlIFx1MDAzYy9zdHJvbmdcdTAwM2UsIFVuc2VjdXJlZExvYW4sIGFuZCBBZGRyZXNzLiBFYWNoIGNsYXNzIHNob3VsZCBiZSBpbiBpdHMgb3duIC5qYXZhIGZpbGUuXHUwMDNjL3BcdTAwM2Vcblx1MDAzY3BcdTAwM2VUaGUgXHUwMDNjc3Ryb25nXHUwMDNlTG9hbkFjY291bnRcdTAwM2Mvc3Ryb25nXHUwMDNlIGNsYXNzIGNvbnNpc3RzIG9mIHRoZSBmb2xsb3dpbmcgcHJvcGVydGllczpcdTAwM2MvcFx1MDAzZVxuXHUwMDNjdWxcdTAwM2Vcblx1MDAzY2xpXHUwMDNlcHJpbmNpcGFsLSB0aGUgb3JpZ2luYWwgYW1vdW50IG9mIHRoZSBsb2FuLlx1MDAzYy9saVx1MDAzZVxuXHUwMDNjbGlcdTAwM2Vhbm51YWxJbnRlcmVzdFJhdGUgLSB0aGUgYW5udWFsIGludGVyZXN0IHJhdGUgZm9yIHRoZSBsb2FuLiBJdCBpcyBub3Qgc3RhdGljIGFzIGVhY2ggbG9hbiBjYW4gaGF2ZSBpdHMgb3duIGludGVyZXN0IHJhdGUuIFJlbWVtYmVyLCB0aGUgYW5udWFsSW50ZXJlc3RSYXRlIG11c3QgYmUgY29udmVydGVkIGludG8gYSBwZXJjZW50YWdlIGJlZm9yZSBpdCBpcyB1c2VkLlx1MDAzYy9saVx1MDAzZVxuXHUwMDNjbGlcdTAwM2Vtb250aHMgLSB0aGUgbnVtYmVyIG9mIG1vbnRocyBpbiB0aGUgdGVybSBvZiB0aGUgbG9hbiwgaS5lLiwgdGhlIGxlbmd0aCBvZiB0aGUgbG9hbi5cdTAwM2MvbGlcdTAwM2Vcblx1MDAzYy91bFx1MDAzZVxuXHUwMDNjcFx1MDAzZWFuZCB0aGUgZm9sbG93aW5nIG1ldGhvZHM6XHUwMDNjL3BcdTAwM2Vcblx1MDAzY3VsXHUwMDNlXG5cdTAwM2NsaVx1MDAzZWEgY29uc3RydWN0b3IgdGhhdCB0YWtlcyB0aGUgdGhyZWUgcHJvcGVydGllcyBhcyBwYXJhbWV0ZXJzLlx1MDAzYy9saVx1MDAzZVxuXHUwMDNjbGlcdTAwM2VjYWxjdWxhdGVNb250aGx5UGF5bWVudCgpIC0gdGFrZXMgbm8gcGFyYW1ldGVycyBhbmQgY2FsY3VsYXRlcyB0aGUgbW9udGhseSBwYXltZW50IHVzaW5nIHRoZSBzYW1lIGZvcm11bGEgYXMuLi4gKHRydW5jYXRlZCkifQ.EqrhnfBOJS0WvrWgr4HfNcbOjXXL91zfMYsa3iCZQcg,"[""online_upload""]",https://canvas.instructure.com/courses/1050~2379441/assignments/1050~16828267/submissions?zip=1,False,,True,published
10500000016828268,Programming Assignment 3 Customer Loan Accounts,2025-02-14T04:59:00Z,2025-01-05T07:56:47Z,2025-04-22T21:44:49Z,https://canvas.instructure.com/courses/10500000002379441/assignments/1050~16828268,-1,"[""zip""]",,False,False,False,False,,10500000004149124,False,True,10500000002379441,"<p><strong>Assignment 3 - Customer Loan Accounts</strong></p>
<p>For this assignment, you are going to enhance the Loan Accounts Hierarchy that you created in Programming Assignment 2 by adding a Customer class with the following properties and methods:</p>
<p>Properties:</p>
<ul>
<li>firstName - the customer's first name (String).</li>
<li>lastName - the customer's last name (String).</li>
<li>SSN - the customer's (String).</li>
<li>loanAccounts - an array list of loan accounts (ArrayList&lt;LoanAccount&gt;).</li>
</ul>
<p>Methods:</p>
<ul>
<li>a constructor that accepts firstName, lastName, and SSN as parameters.</li>
<li>getters for firstName, lastName, and SSN.</li>
<li>addLoanAccount(LoanAccount account) - adds a loan to the array list of loans for this customer.</li>
<li>printMonthlyReport() - prints all the information for all the accounts of this Customer. Utilizes the toString() method of the corresponding loan class. The output of the printMonthlyReport() method should match the sample output displayed below.</li>
</ul>
<p>Note: make sure your output matches the output below including number of decimal places displayed and $ and % characters.</p>
<p><strong style=""color: #000000; font-family: sans-serif; font-size: 16px; font-style: normal; font-variant: normal; text-align: left; text-decoration: none; text-indent: 0px; white-space: normal;"">Use the following code in your main function to test your classes, just copy and paste it into your main method:</strong></p>
<p style=""color: #000000; font-family: sans-serif; font-size: 16px; font-style: normal; font-variant: normal; text-align: left; text-decoration: none; text-indent: 0px; white-space: normal; margin: 12px 0px 12px 0px;""><span style=""background-color: #ffffff;"">&nbsp; &nbsp; &nbsp; &nbsp; // Create different loan objects, at least one of each type.<br>&nbsp; &nbsp; &nbsp; &nbsp; CarLoan carLoan1 = new CarLoan(25000.00, 4.9, 72, ""IRQ3458977"");<br>&nbsp; &nbsp; &nbsp; &nbsp; CarLoan carLoan2 = new CarLoan(12000.00, 5, 60, ""NXK6767876"");<br>&nbsp; &nbsp; &nbsp; &nbsp;&nbsp;<br>&nbsp; &nbsp; &nbsp; &nbsp; Address propertyAddress1 = new Address(""321 Main Street"", ""State College"", ""PA"", ""16801"");<br>&nbsp; &nbsp; &nbsp; &nbsp; PrimaryMortgage propertyLoan1 = new PrimaryMortgage(250000.00, 3.75, 360, 35.12, propertyAddress1);<br>&nbsp; &nbsp; &nbsp; &nbsp; Address propertyAddress2 = new Address(""783 Maple Lane"", ""State College"", ""PA"", ""16801"");<br>&nbsp; &nbsp; &nbsp; &nbsp; PrimaryMortgage propertyLoan2 = new PrimaryMortgage(375000.00, 2.5, 360, 53.12, propertyAddress2);<br>&nbsp; &nbsp; &nbsp; &nbsp;&nbsp;<br>&nbsp; &nbsp; &nbsp; &nbsp; UnsecuredLoan unsecuredLoan = new UnsecuredLoan(5000.00, 10.75, 48);<br>&nbsp; &nbsp; &nbsp; &nbsp;&nbsp;<br>&nbsp; &nbsp; &nbsp; &nbsp; // create customers<br>&nbsp; &nbsp; &nbsp; &nbsp; Customer customerA = new Customer(""Tony"", ""Stark"", ""111-22-3333"");<br>&nbsp; &nbsp; &nbsp; &nbsp; Customer customerB = new Customer(""Gal"", ""Gadot"", ""444-55-6666"");<br>&nbsp; &nbsp; &nbsp; &nbsp;&nbsp;<br>&nbsp; &nbsp; &nbsp; &nbsp; // add loans for the customers.<br>&nbsp; &nbsp; &nbsp; &nbsp; customerA.addLoanAccount(carLoan1);<br>&nbsp; &nbsp; &nbsp; &nbsp; customerA.addLoanAccount(propertyLoan1);<br>&nbsp; &nbsp; &nbsp; &nbsp; customerA.addLoanAccount(unsecuredLoan);<br>&nbsp; &nbsp; &nbsp; &nbsp;&nbsp;<br>&nbsp; &nbsp; &nbsp; &nbsp; customerB.addLoanAccount(carLoan2);<br>&nbsp; &nbsp; &nbsp; &nbsp; customerB.addLoanAccount(propertyLoan2);<br>&nbsp; &nbsp; &nbsp; &nbsp;&nbsp;<br>&nbsp; &nbsp; &nbsp; &nbsp; // add the customers to an arraylist of customers.<br>&nbsp; &nbsp; &nbsp; &nbsp; ArrayList&lt;Customer&gt; customers = new ArrayList&lt;&gt;();<br>&nbsp; &nbsp; &nbsp; &nbsp; customers.add(customerA);<br>&nbsp; &nbsp; &nbsp; &nbsp; customers.add(customerB);<br>&nbsp; &nbsp; &nbsp; &nbsp;&nbsp;<br>&nbsp; &nbsp; &nbsp; &nbsp; //Print out the loan information for each customer polymorhically.<br>&nbsp; &nbsp; &nbsp; &nbsp; System.out.println(""Monthly Report of Customers by Loan Account"");<br>&nbsp; &nbsp; &nbsp; &nbsp; for (Customer customer:customers)<br>&nbsp; &nbsp; &nbsp; &nbsp; {<br>&nbsp; &nbsp; &nbsp; &nbsp; &nbsp; &nbsp; customer.printMonthlyReport();<br>&nbsp; &nbsp; &nbsp; &nbsp; }<br>&nbsp;&nbsp;<br><br></span></p>
<p style=""color: #000000; font-family: sans-serif; font-size: 16px; font-style: normal; font-variant: normal; text-align: left; text-decoration: none; text-indent: 0px; white-space: normal; margin: 12px 0px 12px 0px;""><strong>The output from your program should look like the following:</strong></p>
<div style=""color: #000000; font-family: sans-serif; font-size: 16px; font-style: normal; font-variant: normal; text-align: left; text-decoration: none; text-indent: 0px; white-space: normal;"">
<p>run:</p>
<p><br>Monthly Report of Customers by Loan Account<br>Account Report for Customer: Tony Stark with SSN 111-22-3333</p>
<p>Car Loan with:<br>Principal: $25000.00<br>Annual Interest Rate: 4.90%<br>Term of Loan in Months: 72<br>Monthly Payment: $401.46<br>Vehicle VIN: IRQ3458977</p>
<p><br>Primary Mortgage Loan with:<br>Principal: $250000.00<br>Annual Interest Rate: 3.75%<br>Term of Loan in Months: 360<br>Monthly Payment: $1157.79<br>PMI Monthly Amount: $35.12<br>Property Address:&nbsp;<br>&nbsp; &nbsp; 321 Main Street<br>&nbsp; &nbsp; State College, PA 16801</p>
<p><br>Unsecured Loan with:<br>Principal: $5000.00<br>Annual Interest Rate: 10.75%<br>Term of Loan in Months: 48<br>Monthly Payment: $128.62</p>
<p>&nbsp;</p>
<p>Account Report for Customer: Gal Gadot with SSN 444-55-6666</p>
<p>Car Loan with:<br>Principal: $12000.00<br>Annual Interest Rate: 5.00%<br>Term of Loan in Months: 60<br>Monthly Payment: $226.45<br>Vehicle VIN: NXK6767876</p>
<p><br>Primary Mortgage Loan with:<br>Principal: $375000.00<br>Annual Interest Rate: 2.50%<br>Term of Loan in Months: 360<br>Monthly Payment: $1481.70<br>PMI Monthly Amount: $53.12<br>Property Address:&nbsp;<br>&nbsp; &nbsp; 783 Maple Lane<br>&nbsp; &nbsp; State College, PA 16801</p>
</div>",False,,False,True,True,0,True,False,,points,,True,False,False,False,False,False,,,,False,a9313f6c-ee4f-4667-9f8f-b82fab27fd5e,255,False,False,False,False,,,,,,False,100.0,3,False,False,True,,False,False,eyJ0eXAiOiJKV1QiLCJhbGciOiJIUzI1NiJ9.eyJsdGlfYXNzaWdubWVudF9pZCI6ImE5MzEzZjZjLWVlNGYtNDY2Ny05ZjhmLWI4MmZhYjI3ZmQ1ZSIsImx0aV9hc3NpZ25tZW50X2Rlc2NyaXB0aW9uIjoiXHUwMDNjcFx1MDAzZVx1MDAzY3N0cm9uZ1x1MDAzZUFzc2lnbm1lbnQgMyAtIEN1c3RvbWVyIExvYW4gQWNjb3VudHNcdTAwM2Mvc3Ryb25nXHUwMDNlXHUwMDNjL3BcdTAwM2Vcblx1MDAzY3BcdTAwM2VGb3IgdGhpcyBhc3NpZ25tZW50LCB5b3UgYXJlIGdvaW5nIHRvIGVuaGFuY2UgdGhlIExvYW4gQWNjb3VudHMgSGllcmFyY2h5IHRoYXQgeW91IGNyZWF0ZWQgaW4gUHJvZ3JhbW1pbmcgQXNzaWdubWVudCAyIGJ5IGFkZGluZyBhIEN1c3RvbWVyIGNsYXNzIHdpdGggdGhlIGZvbGxvd2luZyBwcm9wZXJ0aWVzIGFuZCBtZXRob2RzOlx1MDAzYy9wXHUwMDNlXG5cdTAwM2NwXHUwMDNlUHJvcGVydGllczpcdTAwM2MvcFx1MDAzZVxuXHUwMDNjdWxcdTAwM2Vcblx1MDAzY2xpXHUwMDNlZmlyc3ROYW1lIC0gdGhlIGN1c3RvbWVyJ3MgZmlyc3QgbmFtZSAoU3RyaW5nKS5cdTAwM2MvbGlcdTAwM2Vcblx1MDAzY2xpXHUwMDNlbGFzdE5hbWUgLSB0aGUgY3VzdG9tZXIncyBsYXN0IG5hbWUgKFN0cmluZykuXHUwMDNjL2xpXHUwMDNlXG5cdTAwM2NsaVx1MDAzZVNTTiAtIHRoZSBjdXN0b21lcidzIChTdHJpbmcpLlx1MDAzYy9saVx1MDAzZVxuXHUwMDNjbGlcdTAwM2Vsb2FuQWNjb3VudHMgLSBhbiBhcnJheSBsaXN0IG9mIGxvYW4gYWNjb3VudHMgKEFycmF5TGlzdFx1MDAyNmx0O0xvYW5BY2NvdW50XHUwMDI2Z3Q7KS5cdTAwM2MvbGlcdTAwM2Vcblx1MDAzYy91bFx1MDAzZVxuXHUwMDNjcFx1MDAzZU1ldGhvZHM6XHUwMDNjL3BcdTAwM2Vcblx1MDAzY3VsXHUwMDNlXG5cdTAwM2NsaVx1MDAzZWEgY29uc3RydWN0b3IgdGhhdCBhY2NlcHRzIGZpcnN0TmFtZSwgbGFzdE5hbWUsIGFuZCBTU04gYXMgcGFyYW1ldGVycy5cdTAwM2MvbGlcdTAwM2Vcblx1MDAzY2xpXHUwMDNlZ2V0dGVycyBmb3IgZmlyc3ROYW1lLCBsYXN0TmFtZSwgYW5kIFNTTi5cdTAwM2MvbGlcdTAwM2Vcblx1MDAzY2xpXHUwMDNlYWRkTG9hbkFjY291bnQoTG9hbkFjY291bnQgYWNjb3VudCkgLSBhZGRzIGEgbG9hbiB0byB0aGUgYXJyYXkgbGlzdCBvZiBsb2FucyBmb3IgdGhpcyBjdXN0b21lci5cdTAwM2MvbGlcdTAwM2Vcblx1MDAzY2xpXHUwMDNlcHJpbnRNb250aGx5UmVwb3J0KCkgLSBwcmludHMgYWxsIHRoZSBpbmZvcm1hdGlvbiBmb3IgYWxsIHRoZSBhY2NvdW50cyBvZiB0aGlzIEN1c3RvbWVyLiBVdGlsaXplcyB0aGUgdG9TdHJpbmcoKSBtZXRob2Qgb2YgdGhlIGNvcnJlc3BvbmRpbmcgbG9hbiBjbGFzcy4gVGhlIG91dHB1dCBvZiB0aGUgcHJpbnRNb250aGx5UmVwb3J0KCkgbWV0aG8uLi4gKHRydW5jYXRlZCkifQ.5nQSUR-CAHfeTpbCcNvO4IyGSqdF6P9TJtIAHBJA5Q0,"[""online_text_entry"", ""online_upload""]",https://canvas.instructure.com/courses/1050~2379441/assignments/1050~16828268/submissions?zip=1,False,,True,published
10500000016828269,Programming Assignment 4 Pizza Servings Calculator,2025-02-28T04:59:00Z,2025-01-05T07:56:47Z,2025-04-30T23:40:01Z,https://canvas.instructure.com/courses/10500000002379441/assignments/1050~16828269,-1,"[""zip""]",,False,False,False,False,,10500000004149124,False,True,10500000002379441,"<p><span style=""font-size: 14pt;""><strong>Pizza Servings Calculator GUI Assignment</strong></span></p>
<p>Write a GUI to calculate the number of servings that a circular pizza of a certain diameter will make. The GUI will have the following appearance:</p>
<p><img src=""https://canvas.instructure.com/courses/1050~2379441/files/1050~172281767/download?verifier=qcukieCXa3jbHz2gqnzA6McFaYj7tFi6it31PlNc&amp;wrap=1"" alt=""Pizza Servings Calculator Initial"" data-api-endpoint=""https://canvas.instructure.com/api/v1/courses/1050~2379441/files/1050~172281767"" data-api-returntype=""File"" loading=""lazy""></p>
<p>It must include the following features:</p>
<ul>
<li>&nbsp;The frame title must say 'Pizza Servings Calculator'.</li>
<li>&nbsp;A grid layout will be used for the GUI.</li>
<li>&nbsp;The JLabel title of the GUI will say '<span style=""display: inline !important; float: none; background-color: #ffffff; color: #000000; cursor: text; font-family: sans-serif; font-size: 16px; font-style: normal; font-variant: normal; text-align: left; text-decoration: none; text-indent: 0px; white-space: normal;"">Pizza Servings Calculator</span>' and be in red and will be placed in&nbsp; grid slot 1.</li>
<li>&nbsp;A JLabel of 'Enter the size of the pizza in inches: ' will be placed in grid slot 2 followed by a JTextField where the pizza size will be entered and have a width of 4.</li>
<li>&nbsp;A JButton will be placed in <span style=""font-family: sans-serif;"">grid slot 3</span>&nbsp;and will contain 'Calculate Servings'.</li>
<li>A <span style=""display: inline !important; float: none; background-color: #ffffff; color: #000000; cursor: text; font-family: sans-serif; font-size: 16px; font-style: normal; font-variant: normal; text-align: left; text-decoration: none; text-indent: 0px; white-space: normal;"">JLabel, initially blank,</span>&nbsp;will be placed in <span style=""font-family: sans-serif;"">grid slot 4</span>.</li>
</ul>
<p>To execute the GUI, enter a pizza size in the JTextField and click the Calculate Servings button. The Calculate Servings button handler will then execute and calculate the number of servings and display it as shown in the following image:</p>
<p><img src=""https://canvas.instructure.com/courses/1050~2379441/files/1050~172281828/download?verifier=SgYm4C4ldZTOSuU8AaMUnwt89Ahp90O2enCglvFc&amp;wrap=1"" alt=""Pizza Servings Calculator Final"" data-api-endpoint=""https://canvas.instructure.com/api/v1/courses/1050~2379441/files/1050~172281828"" data-api-returntype=""File"" loading=""lazy""></p>
<p>The number of servings will be calculate using the following formula:</p>
<p>&nbsp; &nbsp; &nbsp; &nbsp;&nbsp; servings = (size / 8)**2</p>
<p>and displayed to two decimal places. You can use the Double.parseDouble(textField.getText() ) to get the string value from the JTextField and parse it to a double. This formula assumes that an 8 inch pie makes 1 serving. Based on the area of an 8"" pie as one serving, the number of servings will vary with the ratio of the radius of the new pie to the 8"" pie squared. Therefore, a 16"" pie would give you a ratio of 16/8 or 2 squared which is 4 servings.</p>
<p>Line 2 of the GUI contains two GUI components but each cell of a grid can only contain one component. This is where JPanels come in for GUI design. A JPanel is a container that simply holds other components, so we can use a JPanel as the component for line 2. We can create a JPanel by using a statement like:<br>private JPanel line2 = new JPanel();<br>Then we can add components to it with statements like:<br>&nbsp; &nbsp; line2.add(variable that represents your JLabel for Enter the size of the pizza...);<br>Then we can add line2 to the grid layout in slot 2.</p>
<p>To set the layout of the frame to a 4 line grid layout, you would use a setLayout statement such as:<br>setLayout(new GridLayout(4,1));</p>
<p>Once the servings have been calculated, they are displayed in the JLabel in grid slot 4 as shown.</p>
<p>Set the size of your GUI to (350, 300). This should give it the appearance as shown above. Your class that represents the GUI should extend JFrame.</p>
<p><span style=""color: #e03e2d;""><strong>Note: When looking for coding examples for this assignment, look in the power-point slides titled 'Chapter 12' not the slides titled 'JHTP11_12.pptx'.</strong></span></p>
<p>&nbsp;</p>
<p><strong>Do not use the NetBeans GUI generator for this project.</strong></p>",False,,False,True,True,0,True,False,,points,,True,False,False,False,False,False,,,,False,c8a41644-b36d-4413-abb5-7863aed4a5d3,255,False,False,False,False,,,,,,False,100.0,4,False,False,True,,False,False,eyJ0eXAiOiJKV1QiLCJhbGciOiJIUzI1NiJ9.eyJsdGlfYXNzaWdubWVudF9pZCI6ImM4YTQxNjQ0LWIzNmQtNDQxMy1hYmI1LTc4NjNhZWQ0YTVkMyIsImx0aV9hc3NpZ25tZW50X2Rlc2NyaXB0aW9uIjoiXHUwMDNjcFx1MDAzZVx1MDAzY3NwYW4gc3R5bGU9XCJmb250LXNpemU6IDE0cHQ7XCJcdTAwM2VcdTAwM2NzdHJvbmdcdTAwM2VQaXp6YSBTZXJ2aW5ncyBDYWxjdWxhdG9yIEdVSSBBc3NpZ25tZW50XHUwMDNjL3N0cm9uZ1x1MDAzZVx1MDAzYy9zcGFuXHUwMDNlXHUwMDNjL3BcdTAwM2Vcblx1MDAzY3BcdTAwM2VXcml0ZSBhIEdVSSB0byBjYWxjdWxhdGUgdGhlIG51bWJlciBvZiBzZXJ2aW5ncyB0aGF0IGEgY2lyY3VsYXIgcGl6emEgb2YgYSBjZXJ0YWluIGRpYW1ldGVyIHdpbGwgbWFrZS4gVGhlIEdVSSB3aWxsIGhhdmUgdGhlIGZvbGxvd2luZyBhcHBlYXJhbmNlOlx1MDAzYy9wXHUwMDNlXG5cdTAwM2NwXHUwMDNlXHUwMDNjaW1nIHNyYz1cIi9jb3Vyc2VzLzIzNzk0NDEvZmlsZXMvMTcyMjgxNzY3L2Rvd25sb2FkP3dyYXA9MVwiIGFsdD1cIlBpenphIFNlcnZpbmdzIENhbGN1bGF0b3IgSW5pdGlhbFwiIGRhdGEtYXBpLWVuZHBvaW50PVwiaHR0cHM6Ly9wc3UuaW5zdHJ1Y3R1cmUuY29tL2FwaS92MS9jb3Vyc2VzLzIyNzcyNjYvZmlsZXMvMTUwODIzNDQ5XCIgZGF0YS1hcGktcmV0dXJudHlwZT1cIkZpbGVcIlx1MDAzZVx1MDAzYy9wXHUwMDNlXG5cdTAwM2NwXHUwMDNlSXQgbXVzdCBpbmNsdWRlIHRoZSBmb2xsb3dpbmcgZmVhdHVyZXM6XHUwMDNjL3BcdTAwM2Vcblx1MDAzY3VsXHUwMDNlXG5cdTAwM2NsaVx1MDAzZVx1MDAyNm5ic3A7VGhlIGZyYW1lIHRpdGxlIG11c3Qgc2F5ICdQaXp6YSBTZXJ2aW5ncyBDYWxjdWxhdG9yJy5cdTAwM2MvbGlcdTAwM2Vcblx1MDAzY2xpXHUwMDNlXHUwMDI2bmJzcDtBIGdyaWQgbGF5b3V0IHdpbGwgYmUgdXNlZCBmb3IgdGhlIEdVSS5cdTAwM2MvbGlcdTAwM2Vcblx1MDAzY2xpXHUwMDNlXHUwMDI2bmJzcDtUaGUgSkxhYmVsIHRpdGxlIG9mIHRoZSBHVUkgd2lsbCBzYXkgJ1x1MDAzY3NwYW4gc3R5bGU9XCJkaXNwbGF5OiBpbmxpbmUgIWltcG9ydGFudDsgZmxvYXQ6IG5vbmU7IGJhY2tncm91bmQtY29sb3I6ICNmZmZmZmY7IGNvbG9yOiAjMDAwMDAwOyBjdXJzb3I6IHRleHQ7IGZvbnQtZmFtaWx5OiBzYW5zLXNlcmlmOyBmb250LXNpemU6IDE2cHg7IGZvbnQtc3R5bGU6IG5vcm1hbDsgZm9udC12YXJpYW50OiBub3JtYWw7IHRleHQtYWxpZ246IGxlZnQ7IHRleHQtZGVjb3JhdGlvbjogbm9uZTsgdGV4dC1pbmRlbnQ6IDBweDsgd2hpdGUtc3BhY2U6IG5vcm1hbDtcIlx1MDAzZVBpenphIC4uLiAodHJ1bmNhdGVkKSJ9.HfW1CphnMtNvbRzhGmrCLHpYXOcuV0Km9NEJIUO_m5Q,"[""online_upload""]",https://canvas.instructure.com/courses/1050~2379441/assignments/1050~16828269/submissions?zip=1,False,,True,published
10500000016828270,Programming Assignment 5 2D Drawing Application,2025-03-21T03:59:59Z,2025-01-05T07:56:47Z,2025-05-01T00:57:57Z,https://canvas.instructure.com/courses/10500000002379441/assignments/1050~16828270,-1,"[""zip""]",,False,False,False,False,,10500000004149124,False,True,10500000002379441,"<p>Java 2D Drawing Application.</p>
<p><img src=""https://canvas.instructure.com/courses/1050~2379441/files/1050~172281830/preview?verifier=TtBIuTk93fGaGXUh58BGTaasnTfKthcrZnWWEU1R"" alt=""Java 2D Drawing Application Example"" data-api-endpoint=""https://canvas.instructure.com/api/v1/courses/1050~2379441/files/1050~172281830"" data-api-returntype=""File"" loading=""lazy"">&nbsp;</p>
<p>The application will contain the following elements:</p>
<p>a) a combo box for selecting the shape to draw, a line, oval, or rectangle.<br>b) two JButtons that each show a JColorChooser dialog to allow the user to choose the first and second color in the gradient.<br>c) an Undo button to undo the last shape drawn.<br>d) a Clear button to clear all shapes from the drawing.<br>e) a checkbox which specifies if the shape should be filled or unfilled.<br>f) a checkbox to specify whether to paint using a gradient.<br>g) a checkbox for specifying whether to draw a dashed or solid line.<br>h) a JSpinner for entering the Stroke width.<br>i) a JSpinner for entering the Stroke dash length.<br>j) a JPanel on which the shapes are drawn.<br>k) a status bar JLabel at the bottom of the frame that displays the current location of the mouse on the draw panel.</p>
<p>Note: Your application should look like the example above and you must use the MyShapes class hierarchy provided.<br>&nbsp;<br>If the user selects to draw with a gradient, set the Paint on the shape to be a gradient&nbsp;of the two colors chosen by the user. If the user does not chose to draw with a gradient, then Paint with a solid color of the 1st Color. The following code can create a gradient paint object:<br><span style=""background-color: #ffffff;"">&nbsp;Paint paint = new GradientPaint(0, 0, color1, 50, 50, color2, true);</span></p>
<p><span style=""background-color: #ffffff;"">To set the stroke for a line to be drawn, you can use the following code:</span></p>
<p><span style=""background-color: #ffffff;"">&nbsp;&nbsp;&nbsp;&nbsp;&nbsp;&nbsp;&nbsp;&nbsp;&nbsp;&nbsp;&nbsp; if (dashCheckBox.isSelected())<br>&nbsp;&nbsp;&nbsp;&nbsp;&nbsp;&nbsp;&nbsp;&nbsp;&nbsp;&nbsp;&nbsp; {<br>&nbsp;&nbsp;&nbsp;&nbsp;&nbsp;&nbsp;&nbsp;&nbsp;&nbsp;&nbsp;&nbsp;&nbsp;&nbsp;&nbsp;&nbsp; stroke = new BasicStroke(lineWidth, BasicStroke.CAP_ROUND, BasicStroke.JOIN_ROUND, 10, dashLength, 0);<br>&nbsp;&nbsp;&nbsp;&nbsp;&nbsp;&nbsp;&nbsp;&nbsp;&nbsp;&nbsp;&nbsp; } else<br>&nbsp;&nbsp;&nbsp;&nbsp;&nbsp;&nbsp;&nbsp;&nbsp;&nbsp;&nbsp;&nbsp; {<br>&nbsp;&nbsp;&nbsp;&nbsp;&nbsp;&nbsp;&nbsp;&nbsp;&nbsp;&nbsp;&nbsp;&nbsp;&nbsp;&nbsp;&nbsp; stroke = new BasicStroke(lineWidth, BasicStroke.CAP_ROUND, BasicStroke.JOIN_ROUND);<br>&nbsp;&nbsp;&nbsp;&nbsp;&nbsp;&nbsp;&nbsp;&nbsp;&nbsp;&nbsp;&nbsp; }<br></span></p>
<p><span style=""background-color: #ffffff;"">Where the first stroke line creates a dashed line and dashLength is a one element float array with the dash length in the first element. The second stroke line creates an undashed line with the line width specified from the GUI.<br></span></p>
<p>Note: When dragging the mouse to create a new shape, the shape should be drawn as the mouse is dragged.</p>
<p>A template project has been provided for you in Canvas in Java2DDrawingApplicationTemplate.zip. This project contains a MyShapes hierarchy that is a complete shape hierarchy for drawing a line, rectangle or oval. You must use this MyShapes hierarchy. A template for the Drawing Application Frame is also provided along with a template for the DrawPanel inner class. You do not need to use these templates if you so choose.</p>
<p>In the paintComponent(Graphics g) method of the DrawPanel, to loop through and draw each shape created by the user, you will loop through an ArrayList of MyShapes, that you built, and call the draw(Graphics2D g2d) method for each shape. The draw method is already implemented in the MyShapes hierarchy.</p>
<p>Note: You do not need to create an event handler for each component in the top two lines of the frame. You only need to create event handlers for the buttons. You can get the values out of all the other components in the top two lines, when the user presses the mouse button on the DrawPanel. At that time, you have all the information you need to create a new Myshapes object.</p>
<p><strong>Note: Do not use the NetBeans GUI generator for this assignment.</strong></p>
<p><br>&nbsp;&nbsp;</p>",False,,False,True,True,0,True,False,,points,,True,False,False,False,False,False,,,,False,9ab1d664-467e-4f7f-a051-997824eccc45,255,False,False,False,False,,,,,,False,200.0,5,False,False,True,,False,False,eyJ0eXAiOiJKV1QiLCJhbGciOiJIUzI1NiJ9.eyJsdGlfYXNzaWdubWVudF9pZCI6IjlhYjFkNjY0LTQ2N2UtNGY3Zi1hMDUxLTk5NzgyNGVjY2M0NSIsImx0aV9hc3NpZ25tZW50X2Rlc2NyaXB0aW9uIjoiXHUwMDNjcFx1MDAzZUphdmEgMkQgRHJhd2luZyBBcHBsaWNhdGlvbi5cdTAwM2MvcFx1MDAzZVxuXHUwMDNjcFx1MDAzZVx1MDAzY2ltZyBzcmM9XCIvY291cnNlcy8yMzc5NDQxL2ZpbGVzLzE3MjI4MTgzMC9wcmV2aWV3XCIgYWx0PVwiSmF2YSAyRCBEcmF3aW5nIEFwcGxpY2F0aW9uIEV4YW1wbGVcIiBkYXRhLWFwaS1lbmRwb2ludD1cImh0dHBzOi8vcHN1Lmluc3RydWN0dXJlLmNvbS9hcGkvdjEvY291cnNlcy8yMzc5NDQxL2ZpbGVzLzE3MjI4MTgzMFwiIGRhdGEtYXBpLXJldHVybnR5cGU9XCJGaWxlXCJcdTAwM2VcdTAwMjZuYnNwO1x1MDAzYy9wXHUwMDNlXG5cdTAwM2NwXHUwMDNlVGhlIGFwcGxpY2F0aW9uIHdpbGwgY29udGFpbiB0aGUgZm9sbG93aW5nIGVsZW1lbnRzOlx1MDAzYy9wXHUwMDNlXG5cdTAwM2NwXHUwMDNlYSkgYSBjb21ibyBib3ggZm9yIHNlbGVjdGluZyB0aGUgc2hhcGUgdG8gZHJhdywgYSBsaW5lLCBvdmFsLCBvciByZWN0YW5nbGUuXHUwMDNjYnJcdTAwM2ViKSB0d28gSkJ1dHRvbnMgdGhhdCBlYWNoIHNob3cgYSBKQ29sb3JDaG9vc2VyIGRpYWxvZyB0byBhbGxvdyB0aGUgdXNlciB0byBjaG9vc2UgdGhlIGZpcnN0IGFuZCBzZWNvbmQgY29sb3IgaW4gdGhlIGdyYWRpZW50Llx1MDAzY2JyXHUwMDNlYykgYW4gVW5kbyBidXR0b24gdG8gdW5kbyB0aGUgbGFzdCBzaGFwZSBkcmF3bi5cdTAwM2Niclx1MDAzZWQpIGEgQ2xlYXIgYnV0dG9uIHRvIGNsZWFyIGFsbCBzaGFwZXMgZnJvbSB0aGUgZHJhd2luZy5cdTAwM2Niclx1MDAzZWUpIGEgY2hlY2tib3ggd2hpY2ggc3BlY2lmaWVzIGlmIHRoZSBzaGFwZSBzaG91bGQgYmUgZmlsbGVkIG9yIHVuZmlsbGVkLlx1MDAzY2JyXHUwMDNlZikgYSBjaGVja2JveCB0byBzcGVjaWZ5IHdoZXRoZXIgdG8gcGFpbnQgdXNpbmcgYSBncmFkaWVudC5cdTAwM2Niclx1MDAzZWcpIGEgY2hlY2tib3ggZm9yIHNwZWNpZnlpbmcgd2hldGhlciB0byBkcmF3IGEgZGFzaGVkIG9yIHNvbGlkIGxpbmUuXHUwMDNjYnJcdTAwM2VoKSBhIEpTcGlubmVyIGZvciBlbnRlcmluZyB0aGUgU3Ryb2tlIHdpZHRoLlx1MDAzY2JyXHUwMDNlaSkgYSBKU3Bpbm5lciBmb3IgZW50ZXJpbmcgdGhlIFN0cm9rZSBkYXNoIGxlbmd0aC5cdTAwM2Niclx1MDAzZWopIGEgSlBhbmVsIG9uIHdoaWNoIHRoZSBzaGFwZXMgYS4uLiAodHJ1bmNhdGVkKSJ9.SfQh6i7tQgI_88LOuQdmxKxNRNTSBe3FPKFUNWP0Smk,"[""online_upload""]",https://canvas.instructure.com/courses/1050~2379441/assignments/1050~16828270/submissions?zip=1,False,,True,published
10500000016828271,Programming Assignment 6 - Functional Programming,2025-04-04T03:59:59Z,2025-01-05T07:56:47Z,2025-05-06T22:18:44Z,https://canvas.instructure.com/courses/10500000002379441/assignments/1050~16828271,-1,"[""zip""]",,False,False,False,False,,10500000004149124,False,True,10500000002379441,"<p><strong>Manipulating a Stream&lt;Invoice&gt;</strong></p>
<p>Use the Class Invoice, provided in the template NetBeans project Functional Programming Template in Canvas, to perform the following queries on the List of invoice objects and display the results. The List of invoice objects is created in the main method of Functional Programming Template project provided. The Invoice class is also provided in the project template.</p>
<p>a) use streams to sort the invoice objects by partDescription, then display the results.<br>b) use streams to sort the invoice objects by pricePerItem, then display the results.<br>c) use streams to map each invoice object to its partDescription and quantity, sort the results by quantity, then display the results.</p>
<p>The following is how your results should appear:</p>
<p><span style=""font-family: 'courier new', courier;""><img src=""https://canvas.instructure.com/courses/1050~2379441/files/1050~172281853/preview?verifier=CwpPmFYHLQkvJ59wOYRAb1YI2cWDFPAxUE6hVIoq"" alt=""PA6 Results Part 1.png"" data-api-endpoint=""https://canvas.instructure.com/api/v1/courses/1050~2379441/files/1050~172281853"" data-api-returntype=""File"" loading=""lazy""><img src=""https://canvas.instructure.com/courses/1050~2379441/files/1050~172281780/preview?verifier=8NIKG7xYHEGbHquIG8fpIt1UPCFpgW6gck4xcGR9"" alt=""PA6 Results Part 2.png"" data-api-endpoint=""https://canvas.instructure.com/api/v1/courses/1050~2379441/files/1050~172281780"" data-api-returntype=""File"" loading=""lazy""> </span><span style=""font-family: 'courier new', courier;"">&nbsp; &nbsp; &nbsp;&nbsp;</span></p>",False,,False,True,True,0,True,False,,points,,True,False,False,False,False,False,,,,False,661936e7-7893-476a-9e81-ef4cf1110e93,255,False,False,False,False,,,,,,False,100.0,6,False,False,True,,False,False,eyJ0eXAiOiJKV1QiLCJhbGciOiJIUzI1NiJ9.eyJsdGlfYXNzaWdubWVudF9pZCI6IjY2MTkzNmU3LTc4OTMtNDc2YS05ZTgxLWVmNGNmMTExMGU5MyIsImx0aV9hc3NpZ25tZW50X2Rlc2NyaXB0aW9uIjoiXHUwMDNjcFx1MDAzZVx1MDAzY3N0cm9uZ1x1MDAzZU1hbmlwdWxhdGluZyBhIFN0cmVhbVx1MDAyNmx0O0ludm9pY2VcdTAwMjZndDtcdTAwM2Mvc3Ryb25nXHUwMDNlXHUwMDNjL3BcdTAwM2Vcblx1MDAzY3BcdTAwM2VVc2UgdGhlIENsYXNzIEludm9pY2UsIHByb3ZpZGVkIGluIHRoZSB0ZW1wbGF0ZSBOZXRCZWFucyBwcm9qZWN0IEZ1bmN0aW9uYWwgUHJvZ3JhbW1pbmcgVGVtcGxhdGUgaW4gQ2FudmFzLCB0byBwZXJmb3JtIHRoZSBmb2xsb3dpbmcgcXVlcmllcyBvbiB0aGUgTGlzdCBvZiBpbnZvaWNlIG9iamVjdHMgYW5kIGRpc3BsYXkgdGhlIHJlc3VsdHMuIFRoZSBMaXN0IG9mIGludm9pY2Ugb2JqZWN0cyBpcyBjcmVhdGVkIGluIHRoZSBtYWluIG1ldGhvZCBvZiBGdW5jdGlvbmFsIFByb2dyYW1taW5nIFRlbXBsYXRlIHByb2plY3QgcHJvdmlkZWQuIFRoZSBJbnZvaWNlIGNsYXNzIGlzIGFsc28gcHJvdmlkZWQgaW4gdGhlIHByb2plY3QgdGVtcGxhdGUuXHUwMDNjL3BcdTAwM2Vcblx1MDAzY3BcdTAwM2VhKSB1c2Ugc3RyZWFtcyB0byBzb3J0IHRoZSBpbnZvaWNlIG9iamVjdHMgYnkgcGFydERlc2NyaXB0aW9uLCB0aGVuIGRpc3BsYXkgdGhlIHJlc3VsdHMuXHUwMDNjYnJcdTAwM2ViKSB1c2Ugc3RyZWFtcyB0byBzb3J0IHRoZSBpbnZvaWNlIG9iamVjdHMgYnkgcHJpY2VQZXJJdGVtLCB0aGVuIGRpc3BsYXkgdGhlIHJlc3VsdHMuXHUwMDNjYnJcdTAwM2VjKSB1c2Ugc3RyZWFtcyB0byBtYXAgZWFjaCBpbnZvaWNlIG9iamVjdCB0byBpdHMgcGFydERlc2NyaXB0aW9uIGFuZCBxdWFudGl0eSwgc29ydCB0aGUgcmVzdWx0cyBieSBxdWFudGl0eSwgdGhlbiBkaXNwbGF5IHRoZSByZXN1bHRzLlx1MDAzYy9wXHUwMDNlXG5cdTAwM2NwXHUwMDNlVGhlIGZvbGxvd2luZyBpcyBob3cgeW91ciByZXN1bHRzIHNob3VsZCBhcHBlYXI6XHUwMDNjL3BcdTAwM2Vcblx1MDAzY3BcdTAwM2VcdTAwM2NzcGFuIHN0eWxlPVwiZm9udC1mYW1pbHk6ICdjb3VyaWVyIG5ldycsIGNvdXJpZXI7XCJcdTAwM2VcdTAwM2NpbWcgc3JjPVwiL2NvdXJzZXMvMjM3OTQ0MS9maWxlcy8xNzIyODE4NTMvcHJldmlld1wiIGFsdD1cIlBBNiBSZXN1bHRzIFBhcnQgMS5wbmdcIiBkYXRhLWFwaS1lbmRwb2ludD1cImh0dHBzOi8vcHN1Lmluc3QuLi4gKHRydW5jYXRlZCkifQ.EjB4QBgHJwV-J_1L71VQSnVPi0WlVns2RgEAML_gw4s,"[""online_upload""]",https://canvas.instructure.com/courses/1050~2379441/assignments/1050~16828271/submissions?zip=1,False,,True,published
10500000016828256,Test 1 - Chapters 1-10,2025-02-24T04:59:00Z,2025-01-05T07:56:29Z,2025-02-17T05:00:09Z,https://canvas.instructure.com/courses/10500000002379441/assignments/1050~16828256,-1,,,False,False,False,False,False,10500000004149125,False,False,10500000002379441,,False,,False,True,True,0,True,False,,points,,True,False,False,False,False,True,2025-03-03T04:59:00Z,This assignment was locked Mar 2 at 11:59pm.,"{""lock_at"": ""2025-03-03T04:59:00Z"", ""can_view"": true, ""asset_string"": ""assignment_10500000016828256""}",True,45b81a70-ac0b-4d42-a8c0-d94edf32788f,255,False,True,False,False,,,,,,False,63.0,1,False,False,True,10500000005233694,False,False,eyJ0eXAiOiJKV1QiLCJhbGciOiJIUzI1NiJ9.eyJsdGlfYXNzaWdubWVudF9pZCI6IjQ1YjgxYTcwLWFjMGItNGQ0Mi1hOGMwLWQ5NGVkZjMyNzg4ZiJ9.qpbaYaRKLl0pOTBH1y76WAR9Wz3YZARd9Ba81H1_zB8,"[""online_quiz""]",https://canvas.instructure.com/courses/1050~2379441/quizzes/1050~5233694/submissions?zip=1,False,2025-02-17T05:00:00Z,True,published
10500000016828253,"Test 2 - Chapters 12, 13, 16",2025-03-31T03:59:00Z,2025-01-05T07:56:25Z,2025-04-02T23:57:00Z,https://canvas.instructure.com/courses/10500000002379441/assignments/1050~16828253,-1,,,False,False,False,False,False,10500000004149125,False,False,10500000002379441,,False,,False,True,True,0,True,False,,points,,True,False,False,False,False,True,2025-04-07T03:59:00Z,This assignment was locked Apr 6 at 11:59pm.,"{""lock_at"": ""2025-04-07T03:59:00Z"", ""can_view"": true, ""asset_string"": ""assignment_10500000016828253""}",True,aa097d66-c52d-4a92-96bf-241920eef4a6,255,False,True,False,False,,,,,,False,83.0,2,False,False,True,10500000005233689,False,False,eyJ0eXAiOiJKV1QiLCJhbGciOiJIUzI1NiJ9.eyJsdGlfYXNzaWdubWVudF9pZCI6ImFhMDk3ZDY2LWM1MmQtNGE5Mi05NmJmLTI0MTkyMGVlZjRhNiJ9.ml-raOHHPIG-H8Opg6AiUPjmy4MBSazE5NVGMhwiJK0,"[""online_quiz""]",https://canvas.instructure.com/courses/1050~2379441/quizzes/1050~5233689/submissions?zip=1,False,2025-03-24T04:00:00Z,True,published
10500000016828257,"Test 3 - Chapters 11, 24",2025-05-05T03:59:00Z,2025-01-05T07:56:30Z,2025-05-07T20:49:02Z,https://canvas.instructure.com/courses/10500000002379441/assignments/1050~16828257,-1,,,False,False,False,False,False,10500000004149125,False,False,10500000002379441,,False,,False,True,True,0,True,False,,points,,True,False,False,False,False,True,2025-05-10T03:59:00Z,This assignment was locked May 9 at 11:59pm.,"{""lock_at"": ""2025-05-10T03:59:00Z"", ""can_view"": true, ""asset_string"": ""assignment_10500000016828257""}",True,7433562a-ec5a-4c73-9660-e0b749b3fc09,255,False,True,False,False,,,,,,False,40.0,3,False,False,True,10500000005233695,False,False,eyJ0eXAiOiJKV1QiLCJhbGciOiJIUzI1NiJ9.eyJsdGlfYXNzaWdubWVudF9pZCI6Ijc0MzM1NjJhLWVjNWEtNGM3My05NjYwLWUwYjc0OWIzZmMwOSJ9.xP8jyuXvWc_7tjvbuTackDFljT2Yhbzg9GgdCfu-JO4,"[""online_quiz""]",https://canvas.instructure.com/courses/1050~2379441/quizzes/1050~5233695/submissions?zip=1,False,2025-04-21T04:00:00Z,True,published
10500000016828262,Course Scheduler Final Project Part 1,2025-04-23T03:59:59Z,2025-01-05T07:56:45Z,2025-05-13T21:42:28Z,https://canvas.instructure.com/courses/10500000002379441/assignments/1050~16828262,-1,,,False,False,False,False,,10500000004149126,False,True,10500000002379441,"<p><strong>Course Scheduler Final Project <span style=""color: #e03e2d;"">Part 1</span></strong></p>
<p>Click on the following link to read the description of Part 1. &lt;<a class=""inline_disabled"" href=""https://canvas.instructure.com/courses/1050~2379441/files?preview=172281855"" target=""_blank"">Link</a>&gt;</p>",False,,False,True,True,0,True,False,,points,,True,False,False,False,False,False,,,,False,2bed95ef-d127-4263-b0d0-92100a309ecd,255,False,False,False,False,,,,,,False,100.0,2,False,False,True,,False,False,eyJ0eXAiOiJKV1QiLCJhbGciOiJIUzI1NiJ9.eyJsdGlfYXNzaWdubWVudF9pZCI6IjJiZWQ5NWVmLWQxMjctNDI2My1iMGQwLTkyMTAwYTMwOWVjZCIsImx0aV9hc3NpZ25tZW50X2Rlc2NyaXB0aW9uIjoiXHUwMDNjcFx1MDAzZVx1MDAzY3N0cm9uZ1x1MDAzZUNvdXJzZSBTY2hlZHVsZXIgRmluYWwgUHJvamVjdCBcdTAwM2NzcGFuIHN0eWxlPVwiY29sb3I6ICNlMDNlMmQ7XCJcdTAwM2VQYXJ0IDFcdTAwM2Mvc3Bhblx1MDAzZVx1MDAzYy9zdHJvbmdcdTAwM2VcdTAwM2MvcFx1MDAzZVxuXHUwMDNjcFx1MDAzZUNsaWNrIG9uIHRoZSBmb2xsb3dpbmcgbGluayB0byByZWFkIHRoZSBkZXNjcmlwdGlvbiBvZiBQYXJ0IDEuIFx1MDAyNmx0O1x1MDAzY2EgY2xhc3M9XCJpbmxpbmVfZGlzYWJsZWRcIiBocmVmPVwiL2NvdXJzZXMvMjM3OTQ0MS9maWxlcz9wcmV2aWV3PTE3MjI4MTg1NVwiIHRhcmdldD1cIl9ibGFua1wiXHUwMDNlTGlua1x1MDAzYy9hXHUwMDNlXHUwMDI2Z3Q7XHUwMDNjL3BcdTAwM2UifQ.jW61OQjymYj9WkFdQSpGpMajkGEwdulHpVVAPpFaOT0,"[""online_upload""]",https://canvas.instructure.com/courses/1050~2379441/assignments/1050~16828262/submissions?zip=1,False,,True,published
10500000016828263,Course Scheduler Final Project Part 2,2025-05-08T03:59:00Z,2025-01-05T07:56:45Z,2025-05-20T21:18:02Z,https://canvas.instructure.com/courses/10500000002379441/assignments/1050~16828263,-1,,,False,False,False,False,,10500000004149126,False,True,10500000002379441,"<p>Course Scheduler Final Project Part 2</p>
<p>Click on the following link to read the description for Part 2. &lt;<a class=""inline_disabled"" href=""https://canvas.instructure.com/courses/1050~2379441/files?preview=172281915"" target=""_blank"">Link</a>&gt;</p>",False,,False,True,True,0,True,False,,points,,True,False,False,False,False,False,,,,False,c34a43a7-124c-4102-acb3-edccd159e64b,255,False,False,False,False,,,,,,False,100.0,3,False,False,True,,False,False,eyJ0eXAiOiJKV1QiLCJhbGciOiJIUzI1NiJ9.eyJsdGlfYXNzaWdubWVudF9pZCI6ImMzNGE0M2E3LTEyNGMtNDEwMi1hY2IzLWVkY2NkMTU5ZTY0YiIsImx0aV9hc3NpZ25tZW50X2Rlc2NyaXB0aW9uIjoiXHUwMDNjcFx1MDAzZUNvdXJzZSBTY2hlZHVsZXIgRmluYWwgUHJvamVjdCBQYXJ0IDJcdTAwM2MvcFx1MDAzZVxuXHUwMDNjcFx1MDAzZUNsaWNrIG9uIHRoZSBmb2xsb3dpbmcgbGluayB0byByZWFkIHRoZSBkZXNjcmlwdGlvbiBmb3IgUGFydCAyLiBcdTAwMjZsdDtcdTAwM2NhIGNsYXNzPVwiaW5saW5lX2Rpc2FibGVkXCIgaHJlZj1cIi9jb3Vyc2VzLzIzNzk0NDEvZmlsZXM_cHJldmlldz0xNzIyODE5MTVcIiB0YXJnZXQ9XCJfYmxhbmtcIlx1MDAzZUxpbmtcdTAwM2MvYVx1MDAzZVx1MDAyNmd0O1x1MDAzYy9wXHUwMDNlIn0.7H9W5CFNQO_M3TUMgK3IORPDNJ_Aqzo9OQoPkqksZkw,"[""online_upload""]",https://canvas.instructure.com/courses/1050~2379441/assignments/1050~16828263/submissions?zip=1,False,,True,published
10500000016828265,Honors Option Assignment Only,2025-05-08T03:59:00Z,2025-01-05T07:56:46Z,2025-05-14T01:22:06Z,https://canvas.instructure.com/courses/10500000002379441/assignments/1050~16828265,-1,,,False,False,False,False,,10500000004149127,False,True,10500000002379441,"<p>Do Exercise 23.13 on page 1048 at the end of Chapter 23 Concurrency and submit the assignment in the Honors Option Assignment Dropbox.</p>
<p><strong>Circular Buffer with Locks and Conditions:&nbsp;</strong>Reimplement the example in section 23.8 using the Lock and Conditions concepts presented in section 23.9. You will be using the code in the PowerPoint slides in Figures 23.10, 23.11, 23.20, and 23.21.</p>
<p>The assignment is due by the end of the semester.</p>",False,,False,True,True,0,True,False,,points,,True,False,False,False,False,False,,,,False,f33b96a4-096d-466d-ab5e-a60c6cddc3df,255,False,False,False,False,,,,,,False,0.0,1,False,False,True,,False,False,eyJ0eXAiOiJKV1QiLCJhbGciOiJIUzI1NiJ9.eyJsdGlfYXNzaWdubWVudF9pZCI6ImYzM2I5NmE0LTA5NmQtNDY2ZC1hYjVlLWE2MGM2Y2RkYzNkZiIsImx0aV9hc3NpZ25tZW50X2Rlc2NyaXB0aW9uIjoiXHUwMDNjcFx1MDAzZURvIEV4ZXJjaXNlIDIzLjEzIG9uIHBhZ2UgMTA0OCBhdCB0aGUgZW5kIG9mIENoYXB0ZXIgMjMgQ29uY3VycmVuY3kgYW5kIHN1Ym1pdCB0aGUgYXNzaWdubWVudCBpbiB0aGUgSG9ub3JzIE9wdGlvbiBBc3NpZ25tZW50IERyb3Bib3guXHUwMDNjL3BcdTAwM2Vcblx1MDAzY3BcdTAwM2VcdTAwM2NzdHJvbmdcdTAwM2VDaXJjdWxhciBCdWZmZXIgd2l0aCBMb2NrcyBhbmQgQ29uZGl0aW9uczpcdTAwMjZuYnNwO1x1MDAzYy9zdHJvbmdcdTAwM2VSZWltcGxlbWVudCB0aGUgZXhhbXBsZSBpbiBzZWN0aW9uIDIzLjggdXNpbmcgdGhlIExvY2sgYW5kIENvbmRpdGlvbnMgY29uY2VwdHMgcHJlc2VudGVkIGluIHNlY3Rpb24gMjMuOS4gWW91IHdpbGwgYmUgdXNpbmcgdGhlIGNvZGUgaW4gdGhlIFBvd2VyUG9pbnQgc2xpZGVzIGluIEZpZ3VyZXMgMjMuMTAsIDIzLjExLCAyMy4yMCwgYW5kIDIzLjIxLlx1MDAzYy9wXHUwMDNlXG5cdTAwM2NwXHUwMDNlVGhlIGFzc2lnbm1lbnQgaXMgZHVlIGJ5IHRoZSBlbmQgb2YgdGhlIHNlbWVzdGVyLlx1MDAzYy9wXHUwMDNlIn0.oIuIfcjc-mHmgwYigXiY5ZE4GMluDbtUbne4rzWLP6I,"[""online_upload""]",https://canvas.instructure.com/courses/1050~2379441/assignments/1050~16828265/submissions?zip=1,False,,True,published
10500000016828254,Quiz: Evaluating AI-Generated Content,,2025-01-05T07:56:27Z,2025-01-05T07:56:27Z,https://canvas.instructure.com/courses/10500000002379441/assignments/1050~16828254,-1,,,False,False,False,False,False,10500000004149128,False,False,10500000002379441,,False,,False,True,True,0,True,False,,points,,True,False,False,False,False,True,,,,False,d79d2333-3e44-46ce-86de-40a50bfdd755,255,False,True,False,False,,,,,,False,3.0,2,False,False,True,10500000005233691,False,False,eyJ0eXAiOiJKV1QiLCJhbGciOiJIUzI1NiJ9.eyJsdGlfYXNzaWdubWVudF9pZCI6ImQ3OWQyMzMzLTNlNDQtNDZjZS04NmRlLTQwYTUwYmZkZDc1NSJ9.gxIIg8IYsQya3X1U4N0NA1fuZcz4eathtgNBJeaV2aw,"[""online_quiz""]",https://canvas.instructure.com/courses/1050~2379441/quizzes/1050~5233691/submissions?zip=1,False,,True,published
10500000016828259,Quiz: Technology and History of AI ,,2025-01-05T07:56:33Z,2025-01-05T07:56:34Z,https://canvas.instructure.com/courses/10500000002379441/assignments/1050~16828259,-1,,,False,False,False,False,False,10500000004149128,False,False,10500000002379441,,False,,False,True,True,0,True,False,,points,,True,False,False,False,False,True,,,,False,065f7a40-f1f5-4dd9-97dc-8098b77ca038,255,False,True,False,False,,,,,,False,3.0,4,False,False,True,10500000005233699,False,False,eyJ0eXAiOiJKV1QiLCJhbGciOiJIUzI1NiJ9.eyJsdGlfYXNzaWdubWVudF9pZCI6IjA2NWY3YTQwLWYxZjUtNGRkOS05N2RjLTgwOThiNzdjYTAzOCJ9.Z3cP8iTUzztqTpSG0Te6941FGtUjyj1sJvM9qw-XmyI,"[""online_quiz""]",https://canvas.instructure.com/courses/1050~2379441/quizzes/1050~5233699/submissions?zip=1,False,,True,published
10500000016828258,EECS Academic Integrity Quiz,,2025-01-05T07:56:32Z,2025-01-05T07:56:32Z,https://canvas.instructure.com/courses/10500000002379441/assignments/1050~16828258,-1,,,False,False,False,False,False,10500000004149128,False,False,10500000002379441,"<p>This quiz is to help you check your understanding of ethical practices in engineering and what constitutes an academic integrity violation in the School of Electrical Engineering and Computer Science. The quiz contains some basic multiple-choice and T/F questions about academic integrity policy, as well as scenarios in which you will be asked to determine whether the action described would be considered an AI violation.</p>
<div style=""clear: both; background-color: #ffe8cc; border: solid #FFBC8C; padding: 1em; margin: 1em;"">
<p><strong>NOTE: </strong>A <strong>score of 100% is required to pass the quiz and complete the module</strong>, which will unlock other content in the course. If you do not pass, go back and review the material in the module. You may retake the quiz as many times as necessary.</p>
</div>",False,,False,True,True,0,True,False,,points,,True,False,False,False,False,True,,,,False,dd4d8e25-595e-4868-9e86-2f32f888b8e0,255,False,True,False,False,,,,,,False,16.0,5,False,False,True,10500000005233696,False,False,eyJ0eXAiOiJKV1QiLCJhbGciOiJIUzI1NiJ9.eyJsdGlfYXNzaWdubWVudF9pZCI6ImRkNGQ4ZTI1LTU5NWUtNDg2OC05ZTg2LTJmMzJmODg4YjhlMCIsImx0aV9hc3NpZ25tZW50X2Rlc2NyaXB0aW9uIjoiXHUwMDNjcFx1MDAzZVRoaXMgcXVpeiBpcyB0byBoZWxwIHlvdSBjaGVjayB5b3VyIHVuZGVyc3RhbmRpbmcgb2YgZXRoaWNhbCBwcmFjdGljZXMgaW4gZW5naW5lZXJpbmcgYW5kIHdoYXQgY29uc3RpdHV0ZXMgYW4gYWNhZGVtaWMgaW50ZWdyaXR5IHZpb2xhdGlvbiBpbiB0aGUgU2Nob29sIG9mIEVsZWN0cmljYWwgRW5naW5lZXJpbmcgYW5kIENvbXB1dGVyIFNjaWVuY2UuIFRoZSBxdWl6IGNvbnRhaW5zIHNvbWUgYmFzaWMgbXVsdGlwbGUtY2hvaWNlIGFuZCBUL0YgcXVlc3Rpb25zIGFib3V0IGFjYWRlbWljIGludGVncml0eSBwb2xpY3ksIGFzIHdlbGwgYXMgc2NlbmFyaW9zIGluIHdoaWNoIHlvdSB3aWxsIGJlIGFza2VkIHRvIGRldGVybWluZSB3aGV0aGVyIHRoZSBhY3Rpb24gZGVzY3JpYmVkIHdvdWxkIGJlIGNvbnNpZGVyZWQgYW4gQUkgdmlvbGF0aW9uLlx1MDAzYy9wXHUwMDNlXG5cdTAwM2NkaXYgc3R5bGU9XCJjbGVhcjogYm90aDsgYmFja2dyb3VuZC1jb2xvcjogI2ZmZThjYzsgYm9yZGVyOiBzb2xpZCAjRkZCQzhDOyBwYWRkaW5nOiAxZW07IG1hcmdpbjogMWVtO1wiXHUwMDNlXG5cdTAwM2NwXHUwMDNlXHUwMDNjc3Ryb25nXHUwMDNlTk9URTogXHUwMDNjL3N0cm9uZ1x1MDAzZUEgXHUwMDNjc3Ryb25nXHUwMDNlc2NvcmUgb2YgMTAwJSBpcyByZXF1aXJlZCB0byBwYXNzIHRoZSBxdWl6IGFuZCBjb21wbGV0ZSB0aGUgbW9kdWxlXHUwMDNjL3N0cm9uZ1x1MDAzZSwgd2hpY2ggd2lsbCB1bmxvY2sgb3RoZXIgY29udGVudCBpbiB0aGUgY291cnNlLiBJZiB5b3UgZG8gbm90IHBhc3MsIGdvIGJhY2sgYW5kIHJldmlldyB0aGUgbWF0ZXJpYWwgaW4gdGhlIG1vZHVsZS4gWW91IG1heSByZXRha2UgdGhlIHF1aXogYXMgbWFueSB0aW1lcyBhcyBuZWNlc3NhcnkuXHUwMDNjL3BcdTAwM2Vcblx1MDAzYy9kaXZcdTAwM2UifQ.4kBBhPp6-IrJEByMYF5YSDp_M1sEbO1oBSwqjKkE-Yg,"[""online_quiz""]",https://canvas.instructure.com/courses/1050~2379441/quizzes/1050~5233696/submissions?zip=1,False,,True,published
10500000016919355,EECS Academic Integrity Quiz,,2025-01-10T13:50:27Z,2025-01-10T13:50:28Z,https://canvas.instructure.com/courses/10500000002379441/assignments/1050~16919355,-1,,,False,False,False,False,False,10500000004149128,False,False,10500000002379441,"<p>This quiz is to help you check your understanding of ethical practices in engineering and what constitutes an academic integrity violation in the School of Electrical Engineering and Computer Science. The quiz contains some basic multiple-choice and T/F questions about academic integrity policy, as well as scenarios in which you will be asked to determine whether the action described would be considered an AI violation.</p>
<div class=""styleguide-section__grid-demo-element"" style=""background-color: #d5e5f8; border-radius: 1.25rem; border: 3px solid #1e407c; padding: 1em; margin: 1em;"">
<div style=""float: left; padding-top: 0px; clear: both; margin-right: 10px;""><img id=""166854391"" style=""margin-top: 10px;"" role=""presentation"" src=""https://canvas.instructure.com/courses/1050~2379441/files/1050~172656712/preview?verifier=FMlQr49Z5lNnxlBAwhe9EuklprjZChNMFkdMvytr"" alt="""" width=""55"" height=""55"" loading=""lazy"" data-api-endpoint=""https://canvas.instructure.com/api/v1/courses/1050~2379441/files/1050~172656712"" data-api-returntype=""File""></div>
<p style=""clear: right;""><span style=""font-size: 14pt;""><strong>NOTE: </strong>A <strong>score of 100% is required to pass the quiz and complete the module</strong>, which will unlock other content in the course. If you do not pass, go back and review the material in the module. You may retake the quiz as many times as necessary.</span></p>
</div>",False,,False,True,True,0,True,False,,points,,True,False,False,False,False,True,,,,False,aaecf112-6990-4f7d-a1d6-acc4e146a4e2,255,False,True,False,False,,,,,,False,20.0,5,False,False,True,10500000005257264,False,False,eyJ0eXAiOiJKV1QiLCJhbGciOiJIUzI1NiJ9.eyJsdGlfYXNzaWdubWVudF9pZCI6ImFhZWNmMTEyLTY5OTAtNGY3ZC1hMWQ2LWFjYzRlMTQ2YTRlMiIsImx0aV9hc3NpZ25tZW50X2Rlc2NyaXB0aW9uIjoiXHUwMDNjcFx1MDAzZVRoaXMgcXVpeiBpcyB0byBoZWxwIHlvdSBjaGVjayB5b3VyIHVuZGVyc3RhbmRpbmcgb2YgZXRoaWNhbCBwcmFjdGljZXMgaW4gZW5naW5lZXJpbmcgYW5kIHdoYXQgY29uc3RpdHV0ZXMgYW4gYWNhZGVtaWMgaW50ZWdyaXR5IHZpb2xhdGlvbiBpbiB0aGUgU2Nob29sIG9mIEVsZWN0cmljYWwgRW5naW5lZXJpbmcgYW5kIENvbXB1dGVyIFNjaWVuY2UuIFRoZSBxdWl6IGNvbnRhaW5zIHNvbWUgYmFzaWMgbXVsdGlwbGUtY2hvaWNlIGFuZCBUL0YgcXVlc3Rpb25zIGFib3V0IGFjYWRlbWljIGludGVncml0eSBwb2xpY3ksIGFzIHdlbGwgYXMgc2NlbmFyaW9zIGluIHdoaWNoIHlvdSB3aWxsIGJlIGFza2VkIHRvIGRldGVybWluZSB3aGV0aGVyIHRoZSBhY3Rpb24gZGVzY3JpYmVkIHdvdWxkIGJlIGNvbnNpZGVyZWQgYW4gQUkgdmlvbGF0aW9uLlx1MDAzYy9wXHUwMDNlXG5cdTAwM2NkaXYgY2xhc3M9XCJzdHlsZWd1aWRlLXNlY3Rpb25fX2dyaWQtZGVtby1lbGVtZW50XCIgc3R5bGU9XCJiYWNrZ3JvdW5kLWNvbG9yOiAjZDVlNWY4OyBib3JkZXItcmFkaXVzOiAxLjI1cmVtOyBib3JkZXI6IDNweCBzb2xpZCAjMWU0MDdjOyBwYWRkaW5nOiAxZW07IG1hcmdpbjogMWVtO1wiXHUwMDNlXG5cdTAwM2NkaXYgc3R5bGU9XCJmbG9hdDogbGVmdDsgcGFkZGluZy10b3A6IDBweDsgY2xlYXI6IGJvdGg7IG1hcmdpbi1yaWdodDogMTBweDtcIlx1MDAzZVx1MDAzY2ltZyBpZD1cIjE2Njg1NDM5MVwiIHN0eWxlPVwibWFyZ2luLXRvcDogMTBweDtcIiByb2xlPVwicHJlc2VudGF0aW9uXCIgc3JjPVwiL2NvdXJzZXMvMjM3OTQ0MS9maWxlcy8xNzI2NTY3MTIvcHJldmlld1wiIGFsdD1cIlwiIHdpZHRoPVwiNTVcIiBoZWlnaHQ9XCI1NVwiXHUwMDNlXHUwMDNjL2Rpdlx1MDAzZVxuXHUwMDNjcCBzdHlsZT1cImNsZWFyOiByaWdodDtcIlx1MDAzZVx1MDAzY3NwYW4gc3R5bGU9XCJmb250LXNpemU6IDE0cHQ7XCJcdTAwM2VcdTAwM2NzdHJvbmdcdTAwM2VOT1RFOiBcdTAwM2Mvc3Ryb25nXHUwMDNlQSBcdTAwM2NzdHJvbmdcdTAwM2VzY29yZSBvZiAxMDAlIGlzIHJlcXVpcmVkIHRvIHBhc3MgdGhlIHF1aXogYW5kIGNvbXBsZXRlIHRoZSBtb2R1bGVcdTAwM2Mvc3Ryb24uLi4gKHRydW5jYXRlZCkifQ.CSeNLXH_EZ6DqC7agcw6L6D0niVwWUJjqNeh6W07o6Y,"[""online_quiz""]",https://canvas.instructure.com/courses/1050~2379441/quizzes/1050~5257264/submissions?zip=1,False,,True,published
